"0aaaaaaaaaaaaaaaaaaaaaaaaaaaaaaa","0aaaaaaaaaaaaaaaaaaaaaaaaaaaaaaa","0aaaaaaaaaaaaaaaaaaaaaaaaaaaaaaa","0aaaaaaaaaaaaaaaaaaaaaaaaaaaaaaa","2006-05-26 17:30:40","0aaaaaaaaaaaaaaaaaaaaaaaaaaaaaaa","2006-05-26 17:30:40","Y","*表示任意的组织机构","*","Y",\N,\N,\N,\N,"2130",0.800,1000.000,0.200,5000.000,0.500,2000.000
"10aaaaaaaaaaaaaaaaaaaaaaaaaaaaaa","10aaaaaaaaaaaaaaaaaaaaaaaaaaaaaa","402880f60a070a69010a070d55590006","0aaaaaaaaaaaaaaaaaaaaaaaaaaaaaaa","2006-05-26 17:30:40","0aaaaaaaaaaaaaaaaaaaaaaaaaaaaaaa","2007-12-29 15:00:50","Y","asdsa","郑州总公司","Y",\N,\N,"11","26","2259",0.800,1000.000,0.200,5000.000,0.500,2000.000
"11aaaaaaaaaaaaaaaaaaaaaaaaaaaaaa","10aaaaaaaaaaaaaaaaaaaaaaaaaaaaaa","0aaaaaaaaaaaaaaaaaaaaaaaaaaaaaaa","0aaaaaaaaaaaaaaaaaaaaaaaaaaaaaaa","2006-05-26 17:30:40","4b2b6f2e20d623df0120ebe12e0779c6","2007-10-01 12:51:22","Y","总部收货处（食品、化妆品）南三环","A","Y",\N,\N,"01","12","2200",0.800,1000.000,0.200,5000.000,0.500,2000.000
"12aaaaaaaaaaaaaaaaaaaaaaaaaaaaaa","10aaaaaaaaaaaaaaaaaaaaaaaaaaaaaa","402880f60a070a69010a070d55590006","0aaaaaaaaaaaaaaaaaaaaaaaaaaaaaaa","2006-05-26 17:30:40","4b2b6f2e214c042a01214e63b70c4cca","2006-05-26 17:30:40","Y","城南路（火车站）（玩具、电子配件）城南路115号","B","Y",\N,\N,"02","13","2130",0.800,1000.000,0.200,5000.000,0.500,2000.000
"13aaaaaaaaaaaaaaaaaaaaaaaaaaaaaa","10aaaaaaaaaaaaaaaaaaaaaaaaaaaaaa","402880f60a070a69010a070d55590006","0aaaaaaaaaaaaaaaaaaaaaaaaaaaaaaa","2006-05-26 17:30:40","4b2b6f2e1d98e181011dacea33652308","2006-05-26 17:30:40","Y","万客来（食品、化妆品）","C","Y",\N,\N,"03","14","2130",0.800,1000.000,0.200,5000.000,0.500,2000.000
"20aaaaaaaaaaaaaaaaaaaaaaaaaaaaaa","20aaaaaaaaaaaaaaaaaaaaaaaaaaaaaa","0aaaaaaaaaaaaaaaaaaaaaaaaaaaaaaa","0aaaaaaaaaaaaaaaaaaaaaaaaaaaaaaa","2006-05-26 17:30:40","0aaaaaaaaaaaaaaaaaaaaaaaaaaaaaaa","2006-05-26 17:30:40","N",\N,"磁","Y",\N,\N,"80","10","2130",0.800,1000.000,0.200,5000.000,0.500,2000.000
"30aaaaaaaaaaaaaaaaaaaaaaaaaaaaaa","30aaaaaaaaaaaaaaaaaaaaaaaaaaaaaa","0aaaaaaaaaaaaaaaaaaaaaaaaaaaaaaa","0aaaaaaaaaaaaaaaaaaaaaaaaaaaaaaa","2006-05-26 17:30:40","0aaaaaaaaaaaaaaaaaaaaaaaaaaaaaaa","2006-05-26 17:30:40","N",\N,"*","Y",\N,\N,"10","10","2130",0.800,1000.000,0.200,5000.000,0.500,2000.000
"31aaaaaaaaaaaaaaaaaaaaaaaaaaaaaa","30aaaaaaaaaaaaaaaaaaaaaaaaaaaaaa","0aaaaaaaaaaaaaaaaaaaaaaaaaaaaaaa","0aaaaaaaaaaaaaaaaaaaaaaaaaaaaaaa","2006-05-26 17:30:40","0aaaaaaaaaaaaaaaaaaaaaaaaaaaaaaa","2006-05-26 17:30:40","N","EW","分理处","Y",\N,\N,"01","10","2130",0.800,1000.000,0.200,5000.000,0.500,2000.000
"32aaaaaaaaaaaaaaaaaaaaaaaaaaaaaa","30aaaaaaaaaaaaaaaaaaaaaaaaaaaaaa","0aaaaaaaaaaaaaaaaaaaaaaaaaaaaaaa","0aaaaaaaaaaaaaaaaaaaaaaaaaaaaaaa","2006-05-26 17:30:40","0aaaaaaaaaaaaaaaaaaaaaaaaaaaaaaa","2006-05-26 17:30:40","N","hh","结算中心","Y",\N,\N,"10","10","2130",0.800,1000.000,0.200,5000.000,0.500,2000.000
"33aaaaaaaaaaaaaaaaaaaaaaaaaaaaaa","30aaaaaaaaaaaaaaaaaaaaaaaaaaaaaa","0aaaaaaaaaaaaaaaaaaaaaaaaaaaaaaa","0aaaaaaaaaaaaaaaaaaaaaaaaaaaaaaa","2006-05-26 17:30:40","0aaaaaaaaaaaaaaaaaaaaaaaaaaaaaaa","2006-05-26 17:30:40","N","ssss","配送中心","Y",\N,\N,"10","10","2130",0.800,1000.000,0.200,5000.000,0.500,2000.000
"402880810f07d220010f07feea580001","10aaaaaaaaaaaaaaaaaaaaaaaaaaaaaa","0aaaaaaaaaaaaaaaaaaaaaaaaaaaaaaa","0aaaaaaaaaaaaaaaaaaaaaaaaaaaaaaa","2006-11-21 08:51:23","4b2b6f2e214c042a01214e63b70c4cca","2006-11-21 08:51:23","Y","中转返程","E","Y",\N,\N,"12","25","2130",0.800,1000.000,0.200,5000.000,0.500,2000.000
"4028808c0b82e61d010b8305b8870001","10aaaaaaaaaaaaaaaaaaaaaaaaaaaaaa","402880f60a070a69010a070d55590006","0aaaaaaaaaaaaaaaaaaaaaaaaaaaaaaa","2006-05-30 10:00:58","4b2b6f2e20d623df0120ebd3c52b788f","2006-05-30 10:00:58","Y","接货车","D","Y",\N,\N,"04","15","2130",0.800,1000.000,0.200,5000.000,0.500,2000.000
"4028808c0b82e61d010b8306a08a0002","10aaaaaaaaaaaaaaaaaaaaaaaaaaaaaa","402880f60a070a69010a070d55590006","0aaaaaaaaaaaaaaaaaaaaaaaaaaaaaaa","2006-05-30 10:01:57","4b2b6f2e214c042a01214e63b70c4cca","2006-05-30 10:01:57","Y","摩配城（摩托配件、汽配）","F","Y",\N,\N,"05","16","2130",0.800,1000.000,0.200,5000.000,0.500,2000.000
"4028808c0b82e61d010b831d89430003","10aaaaaaaaaaaaaaaaaaaaaaaaaaaaaa","402880f60a070a69010a070d55590006","0aaaaaaaaaaaaaaaaaaaaaaaaaaaaaaa","2006-05-30 10:26:58","4b2b6f2e20d623df0120ebd3c52b788f","2006-05-30 10:26:58","Y","商品大世界(家具、电器,广告材料)","S","Y",\N,\N,"09","17","2130",0.800,1000.000,0.200,5000.000,0.500,2000.000
"4028808c0b82e61d010b83aeff390007","10aaaaaaaaaaaaaaaaaaaaaaaaaaaaaa","402880f60a070a69010a070d55590006","0aaaaaaaaaaaaaaaaaaaaaaaaaaaaaaa","2006-05-30 13:05:51","4b2b6f2e20d623df0120ebd3c52b788f","2010-11-19 21:59:25","Y","商品大世界(家俱,电器,广告材料)","P","Y",\N,\N,"08","18","2130",0.800,1000.000,0.200,5000.000,0.500,2000.000
"4028808c0b82e61d010b83afd9db0008","10aaaaaaaaaaaaaaaaaaaaaaaaaaaaaa","402880f60a070a69010a070d55590006","0aaaaaaaaaaaaaaaaaaaaaaaaaaaaaaa","2006-05-30 13:06:47","4b2b6f2e214c042a01214e63b70c4cca","2006-05-30 13:06:47","Y","北环(水产,调料)","K","Y",\N,\N,"07","19","2130",0.800,1000.000,0.200,5000.000,0.500,2000.000
"4028808c0b82e61d010b83b0fd730009","10aaaaaaaaaaaaaaaaaaaaaaaaaaaaaa","402880f60a070a69010a070d55590006","0aaaaaaaaaaaaaaaaaaaaaaaaaaaaaaa","2006-05-30 13:08:02","4b2b6f2e214c042a01214e63b70c4cca","2007-03-26 10:52:27","Y","洁具市场(洁具,汽配)","J","Y",\N,\N,"06","20","2130",0.800,1000.000,0.200,5000.000,0.500,2000.000
"4028808c0b82e61d010b83b1758b000a","10aaaaaaaaaaaaaaaaaaaaaaaaaaaaaa","402880f60a070a69010a070d55590006","0aaaaaaaaaaaaaaaaaaaaaaaaaaaaaaa","2006-05-30 13:08:33","4b2b6f2e20d623df0120ebe490e97a47","2006-05-30 10:26:58","Y","灯具城(灯具,鞋)","V","Y",\N,\N,"10","21","2130",0.800,1000.000,0.200,5000.000,0.500,2000.000
"4028808c0b82e61d010b83e82d1b0150","10aaaaaaaaaaaaaaaaaaaaaaaaaaaaaa","402880f60a070a69010a070d55590006","0aaaaaaaaaaaaaaaaaaaaaaaaaaaaaaa","2006-05-30 14:08:19","0aaaaaaaaaaaaaaaaaaaaaaaaaaaaaaa","2006-05-30 14:08:19","Y",\N,"共享数据","Y",\N,\N,"99","11","2130",0.800,1000.000,0.200,5000.000,0.500,2000.000
"4028808c0b846a6f010b84c9ce7b00d0","4028808c0b82e61d010b83b34fd1000b","0aaaaaaaaaaaaaaaaaaaaaaaaaaaaaaa","0aaaaaaaaaaaaaaaaaaaaaaaaaaaaaaa","2006-05-30 18:14:46","0aaaaaaaaaaaaaaaaaaaaaaaaaaaaaaa","2006-05-30 18:14:46","Y",\N,"邯","Y",\N,\N,"50",\N,"2130",0.800,1000.000,0.200,5000.000,0.500,2000.000
"4028808c0b88034e010b8815a98e0001","4028808c0b82e61d010b83b41695000c","0aaaaaaaaaaaaaaaaaaaaaaaaaaaaaaa","0aaaaaaaaaaaaaaaaaaaaaaaaaaaaaaa","2006-05-31 09:36:29","0aaaaaaaaaaaaaaaaaaaaaaaaaaaaaaa","2006-05-31 09:36:29","Y",\N,"邢","Y",\N,\N,"51",\N,"2130",0.800,1000.000,0.200,5000.000,0.500,2000.000
"4028808c0b88034e010b88161f8a0002","4028808c0b82e61d010b83b4e14b000d","0aaaaaaaaaaaaaaaaaaaaaaaaaaaaaaa","0aaaaaaaaaaaaaaaaaaaaaaaaaaaaaaa","2006-05-31 09:36:59","0aaaaaaaaaaaaaaaaaaaaaaaaaaaaaaa","2006-05-31 09:36:59","Y",\N,"沙","Y",\N,\N,"52",\N,"2130",0.800,1000.000,0.200,5000.000,0.500,2000.000
"4028808c0b88034e010b88167d3a0003","4028808c0b82e61d010b83b5a8af000e","0aaaaaaaaaaaaaaaaaaaaaaaaaaaaaaa","0aaaaaaaaaaaaaaaaaaaaaaaaaaaaaaa","2006-05-31 09:37:23","0aaaaaaaaaaaaaaaaaaaaaaaaaaaaaaa","2006-05-31 09:37:23","N",\N,"峰","Y",\N,\N,"53","10","2130",0.800,1000.000,0.200,5000.000,0.500,2000.000
"4028808c0b88034e010b881a5a800004","4028808c0b82e61d010b83b87c25000f","0aaaaaaaaaaaaaaaaaaaaaaaaaaaaaaa","0aaaaaaaaaaaaaaaaaaaaaaaaaaaaaaa","2006-05-31 09:41:36","0aaaaaaaaaaaaaaaaaaaaaaaaaaaaaaa","2006-05-31 09:41:36","Y",\N,"魏","Y",\N,\N,"54",\N,"2130",0.800,1000.000,0.200,5000.000,0.500,2000.000
"4028808c0b881ef7010b8845dafc0023","4028808c0b82e61d010b83b91dd20010","0aaaaaaaaaaaaaaaaaaaaaaaaaaaaaaa","0aaaaaaaaaaaaaaaaaaaaaaaaaaaaaaa","2006-05-31 10:29:07","0aaaaaaaaaaaaaaaaaaaaaaaaaaaaaaa","2006-05-31 10:29:07","Y",\N,"临","Y",\N,\N,"55",\N,"2130",0.800,1000.000,0.200,5000.000,0.500,2000.000
"4028808c0b881ef7010b8848146f0026","4028808c0b82e61d010b83b9b4b40011","0aaaaaaaaaaaaaaaaaaaaaaaaaaaaaaa","0aaaaaaaaaaaaaaaaaaaaaaaaaaaaaaa","2006-05-31 10:31:33","0aaaaaaaaaaaaaaaaaaaaaaaaaaaaaaa","2006-05-31 10:31:33","Y",\N,"大","Y",\N,\N,"56",\N,"2130",0.800,1000.000,0.200,5000.000,0.500,2000.000
"4028808c0b881ef7010b884f4b3b0027","4028808c0b82e61d010b83bab8d80012","0aaaaaaaaaaaaaaaaaaaaaaaaaaaaaaa","0aaaaaaaaaaaaaaaaaaaaaaaaaaaaaaa","2006-05-31 10:39:25","0aaaaaaaaaaaaaaaaaaaaaaaaaaaaaaa","2006-05-31 10:39:25","N",\N,"临","Y",\N,\N,"57","88","2130",0.800,1000.000,0.200,5000.000,0.500,2000.000
"4028808c0b881ef7010b884fb3f40028","4028808c0b82e61d010b83bc3aa20013","0aaaaaaaaaaaaaaaaaaaaaaaaaaaaaaa","0aaaaaaaaaaaaaaaaaaaaaaaaaaaaaaa","2006-05-31 10:39:52","0aaaaaaaaaaaaaaaaaaaaaaaaaaaaaaa","2006-05-31 10:39:52","Y",\N,"磁","Y",\N,\N,"58",\N,"2130",0.800,1000.000,0.200,5000.000,0.500,2000.000
"4028808c0b881ef7010b88500a9a0029","4028808c0b82e61d010b83bcd8d40014","0aaaaaaaaaaaaaaaaaaaaaaaaaaaaaaa","0aaaaaaaaaaaaaaaaaaaaaaaaaaaaaaa","2006-05-31 10:40:14","0aaaaaaaaaaaaaaaaaaaaaaaaaaaaaaa","2006-05-31 10:40:14","Y",\N,"武","Y",\N,\N,"59","59","2350",0.800,1000.000,0.200,5000.000,0.500,2000.000
"4028808c0b881ef7010b88505dc4002a","4028808c0b82e61d010b83bda8280015","0aaaaaaaaaaaaaaaaaaaaaaaaaaaaaaa","0aaaaaaaaaaaaaaaaaaaaaaaaaaaaaaa","2006-05-31 10:40:36","0aaaaaaaaaaaaaaaaaaaaaaaaaaaaaaa","2006-05-31 10:40:36","Y",\N,"峰","Y",\N,\N,"60",\N,"2130",0.800,1000.000,0.200,5000.000,0.500,2000.000
"4028808c0b881ef7010b88547767002b","4028808c0b82e61d010b83be4bac0016","0aaaaaaaaaaaaaaaaaaaaaaaaaaaaaaa","0aaaaaaaaaaaaaaaaaaaaaaaaaaaaaaa","2006-05-31 10:45:04","0aaaaaaaaaaaaaaaaaaaaaaaaaaaaaaa","2006-05-31 10:45:04","Y",\N,"安","Y",\N,\N,"61",\N,"2130",0.800,1000.000,0.200,5000.000,0.500,2000.000
"4028808c0b881ef7010b88550bef002c","4028808c0b82e61d010b83bf33420017","0aaaaaaaaaaaaaaaaaaaaaaaaaaaaaaa","0aaaaaaaaaaaaaaaaaaaaaaaaaaaaaaa","2006-05-31 10:45:42","0aaaaaaaaaaaaaaaaaaaaaaaaaaaaaaa","2006-05-31 10:45:42","N",\N,"水","Y",\N,\N,"62","32","2130",0.800,1000.000,0.200,5000.000,0.500,2000.000
"4028808c0b881ef7010b885590f0002d","4028808c0b82e61d010b83c27afb0018","0aaaaaaaaaaaaaaaaaaaaaaaaaaaaaaa","0aaaaaaaaaaaaaaaaaaaaaaaaaaaaaaa","2006-05-31 10:46:17","0aaaaaaaaaaaaaaaaaaaaaaaaaaaaaaa","2006-05-31 10:46:17","Y",\N,"侯","Y",\N,\N,"63",\N,"2130",0.800,1000.000,0.200,5000.000,0.500,2000.000
"4028808c0b881ef7010b8857a6ad002e","4028808c0b82e61d010b83c53ddb0019","0aaaaaaaaaaaaaaaaaaaaaaaaaaaaaaa","0aaaaaaaaaaaaaaaaaaaaaaaaaaaaaaa","2006-05-31 10:48:33","0aaaaaaaaaaaaaaaaaaaaaaaaaaaaaaa","2006-05-31 10:48:33","N",\N,"魏","Y",\N,\N,"64","50","2130",0.800,1000.000,0.200,5000.000,0.500,2000.000
"4028808c0b881ef7010b88584c4e002f","4028808c0b82e61d010b83c6b778001a","0aaaaaaaaaaaaaaaaaaaaaaaaaaaaaaa","0aaaaaaaaaaaaaaaaaaaaaaaaaaaaaaa","2006-05-31 10:49:16","0aaaaaaaaaaaaaaaaaaaaaaaaaaaaaaa","2006-05-31 10:49:16","Y",\N,"石","Y",\N,\N,"65",\N,"2130",0.800,1000.000,0.200,5000.000,0.500,2000.000
"4028808c0b881ef7010b8858a5b10030","4028808c0b82e61d010b83c7888f001b","0aaaaaaaaaaaaaaaaaaaaaaaaaaaaaaa","0aaaaaaaaaaaaaaaaaaaaaaaaaaaaaaa","2006-05-31 10:49:38","0aaaaaaaaaaaaaaaaaaaaaaaaaaaaaaa","2006-05-31 10:49:38","N",\N,"洛","Y",\N,\N,"66","55","2130",0.800,1000.000,0.200,5000.000,0.500,2000.000
"4028808c0b881ef7010b8859018a0031","4028808c0b82e61d010b83c884b8001c","0aaaaaaaaaaaaaaaaaaaaaaaaaaaaaaa","0aaaaaaaaaaaaaaaaaaaaaaaaaaaaaaa","2006-05-31 10:50:02","0aaaaaaaaaaaaaaaaaaaaaaaaaaaaaaa","2006-05-31 10:50:02","N",\N,"峡","Y",\N,\N,"67","66","2130",0.800,1000.000,0.200,5000.000,0.500,2000.000
"4028808c0b881ef7010b885943e30032","4028808c0b82e61d010b83c92aef001d","0aaaaaaaaaaaaaaaaaaaaaaaaaaaaaaa","0aaaaaaaaaaaaaaaaaaaaaaaaaaaaaaa","2006-05-31 10:50:19","0aaaaaaaaaaaaaaaaaaaaaaaaaaaaaaa","2006-05-31 10:50:19","N",\N,"石","Y",\N,\N,"68","12","2130",0.800,1000.000,0.200,5000.000,0.500,2000.000
"4028808c0b881ef7010b8859c5af0033","4028808c0b82e61d010b83ca3790001e","0aaaaaaaaaaaaaaaaaaaaaaaaaaaaaaa","0aaaaaaaaaaaaaaaaaaaaaaaaaaaaaaa","2006-05-31 10:50:52","0aaaaaaaaaaaaaaaaaaaaaaaaaaaaaaa","2006-05-31 10:50:52","Y",\N,"洛","Y",\N,\N,"69",\N,"2130",0.800,1000.000,0.200,5000.000,0.500,2000.000
"4028808c0b881ef7010b885a111a0034","4028808c0b82e61d010b83cae2a1001f","0aaaaaaaaaaaaaaaaaaaaaaaaaaaaaaa","0aaaaaaaaaaaaaaaaaaaaaaaaaaaaaaa","2006-05-31 10:51:11","0aaaaaaaaaaaaaaaaaaaaaaaaaaaaaaa","2006-05-31 10:51:11","Y",\N,"峡","Y",\N,\N,"70",\N,"2130",0.800,1000.000,0.200,5000.000,0.500,2000.000
"4028808c0b881ef7010b885a7bf00035","4028808c0b82e61d010b83d4e7870020","0aaaaaaaaaaaaaaaaaaaaaaaaaaaaaaa","0aaaaaaaaaaaaaaaaaaaaaaaaaaaaaaa","2006-05-31 10:51:39","0aaaaaaaaaaaaaaaaaaaaaaaaaaaaaaa","2006-05-31 10:51:39","N",\N,"大","Y",\N,\N,"71","10","2130",0.800,1000.000,0.200,5000.000,0.500,2000.000
"4028808c0b881ef7010b885ac5fd0036","4028808c0b82e61d010b83d820e50022","0aaaaaaaaaaaaaaaaaaaaaaaaaaaaaaa","0aaaaaaaaaaaaaaaaaaaaaaaaaaaaaaa","2006-05-31 10:51:58","0aaaaaaaaaaaaaaaaaaaaaaaaaaaaaaa","2006-05-31 10:51:58","Y",\N,"水","Y",\N,\N,"72",\N,"2130",0.800,1000.000,0.200,5000.000,0.500,2000.000
"40288b98118725c901118c28aa461038","10aaaaaaaaaaaaaaaaaaaaaaaaaaaaaa","0aaaaaaaaaaaaaaaaaaaaaaaaaaaaaaa","0aaaaaaaaaaaaaaaaaaaaaaaaaaaaaaa","2007-03-26 10:52:27","4b2b6f2e214c042a01214e63b70c4cca","2007-03-26 10:52:27","Y",\N,"R","Y",\N,\N,"11","22","2130",0.800,1000.000,0.200,5000.000,0.500,2000.000
"40288b9811f355640111ff132d4f448a","40288b9811f355640111ff11496c4479","0aaaaaaaaaaaaaaaaaaaaaaaaaaaaaaa","0aaaaaaaaaaaaaaaaaaaaaaaaaaaaaaa","2007-04-17 18:25:18","0aaaaaaaaaaaaaaaaaaaaaaaaaaaaaaa","2007-04-17 18:25:18","N",\N,"沙","Y",\N,\N,"85","85","2130",0.800,1000.000,0.200,5000.000,0.500,2000.000
"40288b98128e083b0112978896904e51","10aaaaaaaaaaaaaaaaaaaaaaaaaaaaaa","402880f60a070a69010a070d55590006","0aaaaaaaaaaaaaaaaaaaaaaaaaaaaaaa","2007-05-17 08:55:50","4b2b6f2e214c042a01214e63b70c4cca","2007-05-17 08:55:50","Y",\N,"H","Y",\N,\N,"13","23","2130",0.800,1000.000,0.200,5000.000,0.500,100.000
"40288b9814a3f99b0114a7c9b90b329e","10aaaaaaaaaaaaaaaaaaaaaaaaaaaaaa","402880f60a070a69010a070d55590006","0aaaaaaaaaaaaaaaaaaaaaaaaaaaaaaa","2007-08-27 22:46:28","4b2b6f2e214c042a01214e63b70c4cca","2007-08-27 22:46:28","Y","建材","W","Y",\N,\N,"24","24","2130",0.800,1000.000,0.200,5000.000,0.500,2000.000
"40288c9814d84f3f0114d963c7022006","40288c9814d84f3f0114d8c89e4e112d","0aaaaaaaaaaaaaaaaaaaaaaaaaaaaaaa","0aaaaaaaaaaaaaaaaaaaaaaaaaaaaaaa","2007-09-06 13:56:08","0aaaaaaaaaaaaaaaaaaaaaaaaaaaaaaa","2007-09-06 13:56:08","N",\N,"邯","Y",\N,\N,"80","00","2200",0.800,1000.000,0.200,5000.000,0.500,2000.000
"40288c981558383a011559e7784c0d9e","10aaaaaaaaaaaaaaaaaaaaaaaaaaaaaa","402880f60a070a69010a070d55590006","0aaaaaaaaaaaaaaaaaaaaaaaaaaaaaaa","2007-10-01 12:51:22","4b2b6f2e20d623df0120ebe490e97a47","2007-10-01 12:51:22","Y",\N,"M","Y",\N,\N,"28","28","2130",0.800,1000.000,0.200,5000.000,0.500,2000.000
"40288c9815ba11210115bdb131316841","40288c9815ba11210115bdaa52f36818","0aaaaaaaaaaaaaaaaaaaaaaaaaaaaaaa","0aaaaaaaaaaaaaaaaaaaaaaaaaaaaaaa","2007-10-20 21:54:07","0aaaaaaaaaaaaaaaaaaaaaaaaaaaaaaa","2007-10-20 21:54:07","N",\N,"邢","Y",\N,\N,"30","30","2200",0.800,1000.000,0.200,5000.000,0.500,2000.000
"40288c9815bf37770115c10fcd321ead","40288c9815ba11210115bdaa52f36818","0aaaaaaaaaaaaaaaaaaaaaaaaaaaaaaa","0aaaaaaaaaaaaaaaaaaaaaaaaaaaaaaa","2007-10-21 13:36:19","0aaaaaaaaaaaaaaaaaaaaaaaaaaaaaaa","2007-10-21 13:36:19","N",\N,"邢台返程","N",\N,"40288c9815ba11210115bdb131316841","82","82","2300",0.800,1000.000,0.200,5000.000,0.500,2000.000
"40288c9815c45dca0115c56aceb9146c","40288c9815c45dca0115c56a085c146b","0aaaaaaaaaaaaaaaaaaaaaaaaaaaaaaa","0aaaaaaaaaaaaaaaaaaaaaaaaaaaaaaa","2007-10-22 09:54:12","0aaaaaaaaaaaaaaaaaaaaaaaaaaaaaaa","2007-10-22 09:54:12","N",\N,"武","Y",\N,\N,"81","20","2350",0.800,1000.000,0.200,5000.000,0.500,2000.000
"40288c9815c45dca0115c57512a7149a","40288c9814b8930c0114bb64c13c1da1","0aaaaaaaaaaaaaaaaaaaaaaaaaaaaaaa","0aaaaaaaaaaaaaaaaaaaaaaaaaaaaaaa","2007-10-22 10:05:25","0aaaaaaaaaaaaaaaaaaaaaaaaaaaaaaa","2007-10-22 10:05:25","N",\N,"侯","Y",\N,\N,"86","86","2130",0.800,1000.000,0.200,5000.000,0.500,2000.000
"40288c9815c45dca0115c58a0f361527","40288c981586918201158766e60e09a1","0aaaaaaaaaaaaaaaaaaaaaaaaaaaaaaa","0aaaaaaaaaaaaaaaaaaaaaaaaaaaaaaa","2007-10-22 10:28:20","0aaaaaaaaaaaaaaaaaaaaaaaaaaaaaaa","2007-10-22 10:28:20","N",\N,"安","Y",\N,\N,"87","80","2130",0.800,1000.000,0.200,5000.000,0.500,2000.000
"40288c9815f7dd6a0115f881f07c04a3","10aaaaaaaaaaaaaaaaaaaaaaaaaaaaaa","402880f60a070a69010a070d55590006","0aaaaaaaaaaaaaaaaaaaaaaaaaaaaaaa","2007-11-01 08:00:06","4b2b6f2e214c042a01214e63b70c4cca","2007-11-01 08:00:06","Y",\N,"Q","Y",\N,\N,"26","26","2130",0.800,1000.000,0.200,5000.000,0.500,2000.000
"40288c9815fd03c80115fdef9a0517c2","40288c9815fd03c80115fde725781783","0aaaaaaaaaaaaaaaaaaaaaaaaaaaaaaa","0aaaaaaaaaaaaaaaaaaaaaaaaaaaaaaa","2007-11-02 09:17:59","0aaaaaaaaaaaaaaaaaaaaaaaaaaaaaaa","2007-11-02 09:17:59","Y",\N,"馆","Y",\N,\N,"51","51","2130",0.800,1000.000,0.200,5000.000,0.500,2000.000
"40288c981659b63a01165b263fa91519","40288c981659b63a01165b23323a1518","0aaaaaaaaaaaaaaaaaaaaaaaaaaaaaaa","0aaaaaaaaaaaaaaaaaaaaaaaaaaaaaaa","2007-11-20 11:42:21","0aaaaaaaaaaaaaaaaaaaaaaaaaaaaaaa","2007-11-20 11:42:21","N",\N,"荷","Y",\N,\N,"52","52","2130",0.800,1000.000,0.200,5000.000,0.500,2000.000
"40288c9816b668bc0116b8582dd31f67","40288c9816b668bc0116b855677f1f45","0aaaaaaaaaaaaaaaaaaaaaaaaaaaaaaa","0aaaaaaaaaaaaaaaaaaaaaaaaaaaaaaa","2007-12-08 14:01:34","0aaaaaaaaaaaaaaaaaaaaaaaaaaaaaaa","2007-12-08 14:01:34","Y",\N,"阳","Y",\N,\N,"58","58","2330",0.800,1000.000,0.200,5000.000,0.500,2000.000
"40288c9816b668bc0116b863a9372011","40288c9816b668bc0116b86251f42009","0aaaaaaaaaaaaaaaaaaaaaaaaaaaaaaa","0aaaaaaaaaaaaaaaaaaaaaaaaaaaaaaa","2007-12-08 14:14:07","0aaaaaaaaaaaaaaaaaaaaaaaaaaaaaaa","2007-12-08 14:14:07","Y",\N,"濮","Y",\N,\N,"59","59","2330",0.800,1000.000,0.200,5000.000,0.500,2000.000
"40288c9816b668bc0116b864329b2015","40288c9816b668bc0116b8632717200d","0aaaaaaaaaaaaaaaaaaaaaaaaaaaaaaa","0aaaaaaaaaaaaaaaaaaaaaaaaaaaaaaa","2007-12-08 14:14:42","0aaaaaaaaaaaaaaaaaaaaaaaaaaaaaaa","2007-12-08 14:14:42","N",\N,"汤","Y",\N,\N,"60","60","2130",0.800,1000.000,0.200,5000.000,0.500,2000.000
"40288c9817243f06011724b3fc6e0586","0aaaaaaaaaaaaaaaaaaaaaaaaaaaaaaa","0aaaaaaaaaaaaaaaaaaaaaaaaaaaaaaa","0aaaaaaaaaaaaaaaaaaaaaaaaaaaaaaa","2007-12-29 15:00:50","0aaaaaaaaaaaaaaaaaaaaaaaaaaaaaaa","2007-12-29 15:00:50","Y",\N,"财务部","Y",\N,\N,"50","50","0300",1.000,0.000,1.000,0.000,1.000,0.000
"40288c9818dd838b0118de4b8f7f147e","40288c9818dd838b0118de478f15147d","0aaaaaaaaaaaaaaaaaaaaaaaaaaaaaaa","0aaaaaaaaaaaaaaaaaaaaaaaaaaaaaaa","2008-03-24 08:58:56","0aaaaaaaaaaaaaaaaaaaaaaaaaaaaaaa","2008-03-24 08:58:56","Y",\N,"成","Y",\N,\N,"61","61","2130",1.000,0.000,1.000,0.000,1.000,0.000
"40288c9818ecf6bc0118ee5166b510c7","40288c9818ecf6bc0118ee4f58eb10c0","0aaaaaaaaaaaaaaaaaaaaaaaaaaaaaaa","0aaaaaaaaaaaaaaaaaaaaaaaaaaaaaaa","2008-03-27 11:39:14","0aaaaaaaaaaaaaaaaaaaaaaaaaaaaaaa","2008-03-27 11:39:14","N",\N,"园","Y",\N,\N,"66","66","2330",1.000,0.000,1.000,0.000,1.000,0.000
"40288c981901900e01190379363b2035","40288c981901900e0119036f7b82201e","0aaaaaaaaaaaaaaaaaaaaaaaaaaaaaaa","0aaaaaaaaaaaaaaaaaaaaaaaaaaaaaaa","2008-03-31 14:14:45","0aaaaaaaaaaaaaaaaaaaaaaaaaaaaaaa","2008-03-31 14:14:45","N",\N,"成","Y",\N,\N,"12","66","2130",0.800,1000.000,0.200,5000.000,0.500,2000.000
"40288c98190bdcd701190cd06da91531","40288c98190bdcd701190cce9f221530","0aaaaaaaaaaaaaaaaaaaaaaaaaaaaaaa","0aaaaaaaaaaaaaaaaaaaaaaaaaaaaaaa","2008-04-02 09:46:36","0aaaaaaaaaaaaaaaaaaaaaaaaaaaaaaa","2008-04-02 09:46:36","N",\N,"汤","Y",\N,\N,"19","55","2130",0.800,1000.000,0.200,5000.000,0.500,2000.000
"40288c98190bdcd701190da9c8f81fa6","10aaaaaaaaaaaaaaaaaaaaaaaaaaaaaa","0aaaaaaaaaaaaaaaaaaaaaaaaaaaaaaa","0aaaaaaaaaaaaaaaaaaaaaaaaaaaaaaa","2008-04-02 13:44:01","4b2b6f2e214c042a01214e63b70c4cca","2008-04-02 13:44:01","Y",\N,"N","Y",\N,\N,"27","27","2130",0.800,1000.000,0.200,5000.000,0.500,2000.000
"40288c981911032c01191268519520ec","40288c981911032c01191267094120eb","0aaaaaaaaaaaaaaaaaaaaaaaaaaaaaaa","0aaaaaaaaaaaaaaaaaaaaaaaaaaaaaaa","2008-04-03 11:50:36","0aaaaaaaaaaaaaaaaaaaaaaaaaaaaaaa","2008-04-03 11:50:36","N",\N,"馆","Y",\N,\N,"20","54","2330",0.800,1000.000,0.200,5000.000,0.500,2000.000
"40288c981911032c0119127312c62137","40288c981911032c01191271ff21212b","0aaaaaaaaaaaaaaaaaaaaaaaaaaaaaaa","0aaaaaaaaaaaaaaaaaaaaaaaaaaaaaaa","2008-04-03 12:02:21","0aaaaaaaaaaaaaaaaaaaaaaaaaaaaaaa","2008-04-03 12:02:21","N",\N,"濮","Y",\N,\N,"23","23","2330",0.800,1000.000,0.200,5000.000,0.500,2000.000
"4b2b692b273da9bd012745cc02262a84","10aaaaaaaaaaaaaaaaaaaaaaaaaaaaaa","0aaaaaaaaaaaaaaaaaaaaaaaaaaaaaaa","0aaaaaaaaaaaaaaaaaaaaaaaaaaaaaaa","2010-03-10 09:59:10","4b2b6f2e214c042a01214e63b70c4cca","2010-03-10 09:59:10","Y",\N,"Z","Y",\N,\N,"32","32","2130",1.000,0.000,1.000,0.000,1.000,0.000
"4b2b692b278f0a3a01279dae4ea91f01","4b2b692b278f0a3a01279dad26d21f00","0aaaaaaaaaaaaaaaaaaaaaaaaaaaaaaa","0aaaaaaaaaaaaaaaaaaaaaaaaaaaaaaa","2010-03-27 11:33:18","0aaaaaaaaaaaaaaaaaaaaaaaaaaaaaaa","2010-03-27 11:33:18","Y",\N,"威","Y",\N,\N,"21","21","2200",1.000,0.000,1.000,0.000,1.000,0.000
"4b2b692b278f0a3a01279def019626f3","4b2b692b278f0a3a01279dedc6c426e6","0aaaaaaaaaaaaaaaaaaaaaaaaaaaaaaa","0aaaaaaaaaaaaaaaaaaaaaaaaaaaaaaa","2010-03-27 12:43:58","0aaaaaaaaaaaaaaaaaaaaaaaaaaaaaaa","2010-03-27 12:43:58","Y",\N,"郸","Y",\N,\N,"22","22","2200",1.000,0.000,1.000,0.000,1.000,0.000
"4b2b692b2886bc8801288bd5e0862226","4b2b692b2886bc8801288bd47dca21d7","0aaaaaaaaaaaaaaaaaaaaaaaaaaaaaaa","0aaaaaaaaaaaaaaaaaaaaaaaaaaaaaaa","2010-05-12 17:26:09","0aaaaaaaaaaaaaaaaaaaaaaaaaaaaaaa","2010-05-12 17:26:09","Y",\N,"济","Y",\N,\N,"76","76","2200",1.000,0.000,1.000,0.000,1.000,0.000
"4b2b692b28da0bfa0128f1ace6f253ae","4b2b692b28da0bfa0128f1ab44db53ac","0aaaaaaaaaaaaaaaaaaaaaaaaaaaaaaa","0aaaaaaaaaaaaaaaaaaaaaaaaaaaaaaa","2010-06-01 12:02:39","0aaaaaaaaaaaaaaaaaaaaaaaaaaaaaaa","2010-06-01 12:02:39","Y",\N,"清","Y",\N,\N,"45","45","2300",1.000,0.000,1.000,0.000,1.000,0.000
"4b2b692b28da0bfa0128f1ad3fb153af","4b2b692b28da0bfa0128f1ac456353ad","0aaaaaaaaaaaaaaaaaaaaaaaaaaaaaaa","0aaaaaaaaaaaaaaaaaaaaaaaaaaaaaaa","2010-06-01 12:03:02","0aaaaaaaaaaaaaaaaaaaaaaaaaaaaaaa","2010-06-01 12:03:02","N",\N,"南","Y",\N,\N,"46","46","2300",1.000,0.000,1.000,0.000,1.000,0.000
"4b2b692b2a29b1b1012a2b6199ea0cf9","4b2b692b2a29b1b1012a2b5e57620cf6","0aaaaaaaaaaaaaaaaaaaaaaaaaaaaaaa","0aaaaaaaaaaaaaaaaaaaaaaaaaaaaaaa","2010-08-01 10:01:10","0aaaaaaaaaaaaaaaaaaaaaaaaaaaaaaa","2010-08-01 10:01:10","Y",\N,"正","Y",\N,\N,"46","46","2300",1.000,0.000,1.000,0.000,1.000,0.000
"4b2b692b2a75ceaf012a785c08f23de7","10aaaaaaaaaaaaaaaaaaaaaaaaaaaaaa","0aaaaaaaaaaaaaaaaaaaaaaaaaaaaaaa","0aaaaaaaaaaaaaaaaaaaaaaaaaaaaaaa","2010-08-16 08:45:51","4b2b6f2e20d623df0120ebd3c52b788f","2010-08-16 08:45:51","Y",\N,"I","Y",\N,\N,"36","36","2130",1.000,0.000,1.000,0.000,1.000,0.000
"4b2b692b2aa9296e012ab31a1f626af4","10aaaaaaaaaaaaaaaaaaaaaaaaaaaaaa","0aaaaaaaaaaaaaaaaaaaaaaaaaaaaaaa","0aaaaaaaaaaaaaaaaaaaaaaaaaaaaaaa","2010-08-27 18:31:27","4b2b6f2e20d623df0120ebe12e0779c6","2010-08-27 18:31:27","Y",\N,"O","Y",\N,\N,"33","33","2150",1.000,0.000,1.000,0.000,1.000,0.000
"4b2b692b2aec37f8012aefbb0daa627a","10aaaaaaaaaaaaaaaaaaaaaaaaaaaaaa","0aaaaaaaaaaaaaaaaaaaaaaaaaaaaaaa","0aaaaaaaaaaaaaaaaaaaaaaaaaaaaaaa","2010-09-08 13:04:27","4b2b6f2e214c042a01214e63b70c4cca","2010-09-08 13:04:27","Y",\N,"U","Y",\N,\N,"34","34","2130",1.000,0.000,1.000,0.000,1.000,0.000
"4b2b692b2b19efb8012b1d1a8df661b7","10aaaaaaaaaaaaaaaaaaaaaaaaaaaaaa","0aaaaaaaaaaaaaaaaaaaaaaaaaaaaaaa","0aaaaaaaaaaaaaaaaaaaaaaaaaaaaaaa","2010-09-17 08:31:41","4b2b6f2e214c042a01214e63b70c4cca","2010-09-17 08:31:41","Y",\N,"G","Y",\N,\N,"35","35","2130",1.000,0.000,1.000,0.000,1.000,0.000
"4b2b692b2bd3c806012bd6b162bb5613","4b2b692b2bd3c806012bd6aeff86558f","0aaaaaaaaaaaaaaaaaaaaaaaaaaaaaaa","0aaaaaaaaaaaaaaaaaaaaaaaaaaaaaaa","2010-10-23 09:26:10","0aaaaaaaaaaaaaaaaaaaaaaaaaaaaaaa","2010-10-23 09:26:10","Y",\N,"北","Y",\N,\N,"87","87","2130",1.000,0.000,1.000,0.000,1.000,0.000
"4b2b692b2f22fe6b012f330a948d288d","4b2b692b2f0c051c012f1f72e01b68cb","0aaaaaaaaaaaaaaaaaaaaaaaaaaaaaaa","0aaaaaaaaaaaaaaaaaaaaaaaaaaaaaaa","2011-04-08 10:57:02","0aaaaaaaaaaaaaaaaaaaaaaaaaaaaaaa","2011-04-08 10:57:02","Y",\N,"鑫港分公司","Y",\N,\N,"74","74","2130",1.000,0.000,1.000,0.000,1.000,0.000
"4b2b692b301cc6eb0130248fe3b703ab","4b2b692b301cc6eb0130248cb79401bf","0aaaaaaaaaaaaaaaaaaaaaaaaaaaaaaa","0aaaaaaaaaaaaaaaaaaaaaaaaaaaaaaa","2011-05-25 08:31:07","0aaaaaaaaaaaaaaaaaaaaaaaaaaaaaaa","2011-05-25 08:31:07","Y",\N,"中","Y",\N,\N,"09","09","2130",1.000,0.000,1.000,0.000,1.000,0.000
"4b2b692b301cc6eb013024c16e071429","4b2b692b301cc6eb013024be402f1375","0aaaaaaaaaaaaaaaaaaaaaaaaaaaaaaa","0aaaaaaaaaaaaaaaaaaaaaaaaaaaaaaa","2011-05-25 09:25:14","0aaaaaaaaaaaaaaaaaaaaaaaaaaaaaaa","2011-05-25 09:25:14","Y",\N,"中","Y",\N,\N,"94","94","2130",1.000,0.000,1.000,0.000,1.000,0.000
"4b2b692b301cc6eb0130252bd8e225fb","10aaaaaaaaaaaaaaaaaaaaaaaaaaaaaa","0aaaaaaaaaaaaaaaaaaaaaaaaaaaaaaa","0aaaaaaaaaaaaaaaaaaaaaaaaaaaaaaa","2011-05-25 11:21:28","0aaaaaaaaaaaaaaaaaaaaaaaaaaaaaaa","2011-05-25 11:21:28","Y",\N,"无效","Y",\N,\N,"56","56","2130",1.000,0.000,1.000,0.000,1.000,0.000
"4b2b692b302c037d0130304291d67bc1","4b2b692b302c037d013030414a917bad","0aaaaaaaaaaaaaaaaaaaaaaaaaaaaaaa","0aaaaaaaaaaaaaaaaaaaaaaaaaaaaaaa","2011-05-27 15:02:07","0aaaaaaaaaaaaaaaaaaaaaaaaaaaaaaa","2011-05-27 15:02:07","Y",\N,"和","Y",\N,\N,"75","75","2300",1.000,0.000,1.000,0.000,1.000,0.000
"4b2b6f2e1a271a7a011a291c5ea22f9c","0aaaaaaaaaaaaaaaaaaaaaaaaaaaaaaa","0aaaaaaaaaaaaaaaaaaaaaaaaaaaaaaa","0aaaaaaaaaaaaaaaaaaaaaaaaaaaaaaa","2008-05-27 14:41:42","0aaaaaaaaaaaaaaaaaaaaaaaaaaaaaaa","2008-05-27 14:41:42","Y",\N,"办公室","Y",\N,\N,"60","60","0300",1.000,0.000,1.000,0.000,1.000,0.000
"4b2b6f2e1b0bf166011b2a0511707e8c","4b2b6f2e1b0bf166011b2a0287797e86","0aaaaaaaaaaaaaaaaaaaaaaaaaaaaaaa","0aaaaaaaaaaaaaaaaaaaaaaaaaaaaaaa","2008-07-16 11:58:39","0aaaaaaaaaaaaaaaaaaaaaaaaaaaaaaa","2008-07-16 11:58:39","Y",\N,"鹤","Y",\N,\N,"67","67","2330",1.000,300.000,1.000,1000.000,1.000,500.000
"4b2b6f2e1bed7a27011bef11550137a6","4b2b6f2e1bed7a27011bef0ebaee36e3","0aaaaaaaaaaaaaaaaaaaaaaaaaaaaaaa","0aaaaaaaaaaaaaaaaaaaaaaaaaaaaaaa","2008-08-23 18:17:15","0aaaaaaaaaaaaaaaaaaaaaaaaaaaaaaa","2008-08-23 18:17:15","Y",\N,"涉","Y",\N,\N,"66","66","2330",1.000,0.000,1.000,0.000,1.000,0.000
"4b2b6f2e1bed7a27011bef1503253850","4b2b6f2e1bed7a27011bef14ad833846","0aaaaaaaaaaaaaaaaaaaaaaaaaaaaaaa","0aaaaaaaaaaaaaaaaaaaaaaaaaaaaaaa","2008-08-23 18:21:16","0aaaaaaaaaaaaaaaaaaaaaaaaaaaaaaa","2008-08-23 18:21:16","Y",\N,"马","Y",\N,\N,"67","67","2330",1.000,0.000,1.000,0.000,1.000,0.000
"4b2b6f2e1bed7a27011bef16b951386d","4b2b6f2e1bed7a27011bef167766386c","0aaaaaaaaaaaaaaaaaaaaaaaaaaaaaaa","0aaaaaaaaaaaaaaaaaaaaaaaaaaaaaaa","2008-08-23 18:23:08","0aaaaaaaaaaaaaaaaaaaaaaaaaaaaaaa","2008-08-23 18:23:08","N",\N,"高","Y",\N,\N,"68","68","2330",1.000,0.000,1.000,0.000,1.000,0.000
"4b2b6f2e1c2b2ab6011c3d247460428a","4b2b6f2e1c2b2ab6011c3d231d0d4289","0aaaaaaaaaaaaaaaaaaaaaaaaaaaaaaa","0aaaaaaaaaaaaaaaaaaaaaaaaaaaaaaa","2008-09-07 22:08:31","0aaaaaaaaaaaaaaaaaaaaaaaaaaaaaaa","2008-09-07 22:08:31","N",\N,"涉","Y",\N,\N,"60","60","2350",1.000,0.000,1.000,0.000,1.000,0.000
"4b2b6f2e1c2b2ab6011c3d3294b542a7","4b2b6f2e1c2b2ab6011c3d32190d42a6","0aaaaaaaaaaaaaaaaaaaaaaaaaaaaaaa","0aaaaaaaaaaaaaaaaaaaaaaaaaaaaaaa","2008-09-07 22:23:57","0aaaaaaaaaaaaaaaaaaaaaaaaaaaaaaa","2008-09-07 22:23:57","N",\N,"马","Y",\N,\N,"61","61","2350",1.000,0.000,1.000,0.000,1.000,0.000
"4b2b6f2e1ca1c387011cc1965884283d","4b2b6f2e1ca1c387011cc19477ed282c","0aaaaaaaaaaaaaaaaaaaaaaaaaaaaaaa","0aaaaaaaaaaaaaaaaaaaaaaaaaaaaaaa","2008-10-03 15:22:47","0aaaaaaaaaaaaaaaaaaaaaaaaaaaaaaa","2008-10-03 15:22:47","Y",\N,"长","Y",\N,\N,"40","40","2350",1.000,0.000,1.000,0.000,1.000,0.000
"4b2b6f2e1ca1c387011cc196d8722841","4b2b6f2e1ca1c387011cc19518242830","0aaaaaaaaaaaaaaaaaaaaaaaaaaaaaaa","0aaaaaaaaaaaaaaaaaaaaaaaaaaaaaaa","2008-10-03 15:23:20","0aaaaaaaaaaaaaaaaaaaaaaaaaaaaaaa","2008-10-03 15:23:20","Y",\N,"晋","Y",\N,\N,"41","41","2350",1.000,0.000,1.000,0.000,1.000,0.000
"4b2b6f2e1ca1c387011cd038f3600bc9","4b2b6f2e1ca1c387011cd03841d30bc0","0aaaaaaaaaaaaaaaaaaaaaaaaaaaaaaa","0aaaaaaaaaaaaaaaaaaaaaaaaaaaaaaa","2008-10-06 11:35:05","0aaaaaaaaaaaaaaaaaaaaaaaaaaaaaaa","2008-10-06 11:35:05","Y",\N,"广","Y",\N,\N,"63","63","2350",1.000,0.000,1.000,0.000,1.000,0.000
"4b2b6f2e1cda5a0f011cdb717ed624e5","4b2b6f2e1cda5a0f011cdb5e9a4a1d94","0aaaaaaaaaaaaaaaaaaaaaaaaaaaaaaa","0aaaaaaaaaaaaaaaaaaaaaaaaaaaaaaa","2008-10-08 15:52:40","0aaaaaaaaaaaaaaaaaaaaaaaaaaaaaaa","2008-10-08 15:52:40","N",\N,"广","Y",\N,\N,"66","66","2330",1.000,0.000,1.000,0.000,1.000,0.000
"4b2b6f2e1d2c68b0011d370f737b4e61","10aaaaaaaaaaaaaaaaaaaaaaaaaaaaaa","0aaaaaaaaaaaaaaaaaaaaaaaaaaaaaaa","0aaaaaaaaaaaaaaaaaaaaaaaaaaaaaaa","2008-10-26 10:50:38","4b2b6f2e214c042a01214e63b70c4cca","2008-10-26 10:50:38","Y","家具建材","L","Y",\N,\N,"29","29","2130",1.000,0.000,1.000,0.000,1.000,0.000
"4b2b6f2e1d2c68b0011d525c72391f58","4b2b6f2e1d2c68b0011d525b5a121f45","0aaaaaaaaaaaaaaaaaaaaaaaaaaaaaaa","0aaaaaaaaaaaaaaaaaaaaaaaaaaaaaaa","2008-10-31 18:04:29","0aaaaaaaaaaaaaaaaaaaaaaaaaaaaaaa","2008-10-31 18:04:29","N",\N,"长","Y",\N,\N,"11","11","2350",1.000,0.000,1.000,0.000,1.000,0.000
"4b2b6f2e1d98e181011da8f96a30508c","4b2b6f2e1d98e181011da8f35de95023","0aaaaaaaaaaaaaaaaaaaaaaaaaaaaaaa","0aaaaaaaaaaaaaaaaaaaaaaaaaaaaaaa","2008-11-17 13:43:17","0aaaaaaaaaaaaaaaaaaaaaaaaaaaaaaa","2008-11-17 13:43:17","Y",\N,"张","Y",\N,\N,"71","71","2350",1.000,0.000,1.000,0.000,1.000,0.000
"4b2b6f2e1d98e181011da8fa11fa508d","4b2b6f2e1d98e181011da8f43cc05038","0aaaaaaaaaaaaaaaaaaaaaaaaaaaaaaa","0aaaaaaaaaaaaaaaaaaaaaaaaaaaaaaa","2008-11-17 13:44:00","0aaaaaaaaaaaaaaaaaaaaaaaaaaaaaaa","2008-11-17 13:44:00","Y",\N,"唐","Y",\N,\N,"72","72","2350",1.000,0.000,1.000,0.000,1.000,0.000
"4b2b6f2e1d98e181011da8fa8296508e","4b2b6f2e1d98e181011da8f50cd25063","0aaaaaaaaaaaaaaaaaaaaaaaaaaaaaaa","0aaaaaaaaaaaaaaaaaaaaaaaaaaaaaaa","2008-11-17 13:44:29","0aaaaaaaaaaaaaaaaaaaaaaaaaaaaaaa","2008-11-17 13:44:29","Y",\N,"秦","Y",\N,\N,"73","73","2350",1.000,0.000,1.000,0.000,1.000,0.000
"4b2b6f2e1d98e181011da8fad440508f","4b2b6f2e1d98e181011da8f5b1fb5076","0aaaaaaaaaaaaaaaaaaaaaaaaaaaaaaa","0aaaaaaaaaaaaaaaaaaaaaaaaaaaaaaa","2008-11-17 13:44:49","0aaaaaaaaaaaaaaaaaaaaaaaaaaaaaaa","2008-11-17 13:44:49","Y",\N,"承","Y",\N,\N,"74","74","2350",1.000,0.000,1.000,0.000,1.000,0.000
"4b2b6f2e1d98e181011da8fb33b55090","4b2b6f2e1d98e181011da8f648fb5079","0aaaaaaaaaaaaaaaaaaaaaaaaaaaaaaa","0aaaaaaaaaaaaaaaaaaaaaaaaaaaaaaa","2008-11-17 13:45:14","0aaaaaaaaaaaaaaaaaaaaaaaaaaaaaaa","2008-11-17 13:45:14","Y",\N,"廊","Y",\N,\N,"75","75","2350",1.000,0.000,1.000,0.000,1.000,0.000
"4b2b6f2e1d98e181011da8fb89575098","4b2b6f2e1d98e181011da8f6ff0c507a","0aaaaaaaaaaaaaaaaaaaaaaaaaaaaaaa","0aaaaaaaaaaaaaaaaaaaaaaaaaaaaaaa","2008-11-17 13:45:36","0aaaaaaaaaaaaaaaaaaaaaaaaaaaaaaa","2008-11-17 13:45:36","Y",\N,"沧","Y",\N,\N,"76","76","2350",1.000,0.000,1.000,0.000,1.000,0.000
"4b2b6f2e1d98e181011da8fbd6cb50aa","4b2b6f2e1d98e181011da8f77788507b","0aaaaaaaaaaaaaaaaaaaaaaaaaaaaaaa","0aaaaaaaaaaaaaaaaaaaaaaaaaaaaaaa","2008-11-17 13:45:56","0aaaaaaaaaaaaaaaaaaaaaaaaaaaaaaa","2008-11-17 13:45:56","Y",\N,"保","Y",\N,\N,"77","77","2350",1.000,0.000,1.000,0.000,1.000,0.000
"4b2b6f2e1d98e181011da8fc2a5a50b8","4b2b6f2e1d98e181011da8f80e4a507d","0aaaaaaaaaaaaaaaaaaaaaaaaaaaaaaa","0aaaaaaaaaaaaaaaaaaaaaaaaaaaaaaa","2008-11-17 13:46:17","0aaaaaaaaaaaaaaaaaaaaaaaaaaaaaaa","2008-11-17 13:46:17","Y",\N,"衡","Y",\N,\N,"78","78","2350",1.000,0.000,1.000,0.000,1.000,0.000
"4b2b6f2e1d98e181011da90aa7e352aa","0aaaaaaaaaaaaaaaaaaaaaaaaaaaaaaa","0aaaaaaaaaaaaaaaaaaaaaaaaaaaaaaa","0aaaaaaaaaaaaaaaaaaaaaaaaaaaaaaa","2008-11-17 14:02:07","0aaaaaaaaaaaaaaaaaaaaaaaaaaaaaaa","2008-11-17 14:02:07","Y",\N,"后勤部","Y",\N,\N,"41","41","0300",1.000,0.000,1.000,0.000,1.000,0.000
"4b2b6f2e1d98e181011da90be3ed52b1","0aaaaaaaaaaaaaaaaaaaaaaaaaaaaaaa","0aaaaaaaaaaaaaaaaaaaaaaaaaaaaaaa","0aaaaaaaaaaaaaaaaaaaaaaaaaaaaaaa","2008-11-17 14:03:28","0aaaaaaaaaaaaaaaaaaaaaaaaaaaaaaa","2008-11-17 14:03:28","Y",\N,"理赔科","Y",\N,\N,"42","42","0300",1.000,0.000,1.000,0.000,1.000,0.000
"4b2b6f2e1d98e181011da90c435352b3","0aaaaaaaaaaaaaaaaaaaaaaaaaaaaaaa","0aaaaaaaaaaaaaaaaaaaaaaaaaaaaaaa","0aaaaaaaaaaaaaaaaaaaaaaaaaaaaaaa","2008-11-17 14:03:52","0aaaaaaaaaaaaaaaaaaaaaaaaaaaaaaa","2008-11-17 14:03:52","Y",\N,"调度科","Y",\N,\N,"43","43","0300",1.000,0.000,1.000,0.000,1.000,0.000
"4b2b6f2e1dd1c789011dd7278b9500f9","4b2b6f2e1dd1c789011dd726eff100f5","0aaaaaaaaaaaaaaaaaaaaaaaaaaaaaaa","0aaaaaaaaaaaaaaaaaaaaaaaaaaaaaaa","2008-11-26 12:56:12","0aaaaaaaaaaaaaaaaaaaaaaaaaaaaaaa","2008-11-26 12:56:12","Y",\N,"黎","Y",\N,\N,"17","17","2330",1.000,0.000,1.000,0.000,1.000,0.000
"4b2b6f2e1ddbb15c011deadf3771217a","10aaaaaaaaaaaaaaaaaaaaaaaaaaaaaa","0aaaaaaaaaaaaaaaaaaaaaaaaaaaaaaa","0aaaaaaaaaaaaaaaaaaaaaaaaaaaaaaa","2008-11-30 08:49:36","4b2b6f2e214c042a01214e63b70c4cca","2008-11-30 08:49:36","Y",\N,"X","Y",\N,\N,"30","30","2130",1.000,0.000,1.000,0.000,1.000,0.000
"4b2b6f2e1ddbb15c011deaf88911236c","4b2b6f2e1ddbb15c011deaf801c1236b","0aaaaaaaaaaaaaaaaaaaaaaaaaaaaaaa","0aaaaaaaaaaaaaaaaaaaaaaaaaaaaaaa","2008-11-30 09:17:15","0aaaaaaaaaaaaaaaaaaaaaaaaaaaaaaa","2008-11-30 09:17:15","Y",\N,"白","Y",\N,\N,"50","50","2350",1.000,0.000,1.000,0.000,1.000,0.000
"4b2b6f2e1ddbb15c011deaf8efbb2371","4b2b6f2e1ddbb15c011deaf74900236a","0aaaaaaaaaaaaaaaaaaaaaaaaaaaaaaa","0aaaaaaaaaaaaaaaaaaaaaaaaaaaaaaa","2008-11-30 09:17:42","0aaaaaaaaaaaaaaaaaaaaaaaaaaaaaaa","2008-11-30 09:17:42","Y",\N,"津","Y",\N,\N,"51","51","2350",1.000,0.000,1.000,0.000,1.000,0.000
"4b2b6f2e1df04686011df13b73df1be5","4b2b6f2e1df04686011df12986261aca","0aaaaaaaaaaaaaaaaaaaaaaaaaaaaaaa","0aaaaaaaaaaaaaaaaaaaaaaaaaaaaaaa","2008-12-01 14:28:04","0aaaaaaaaaaaaaaaaaaaaaaaaaaaaaaa","2008-12-01 14:28:04","Y",\N,"宁","Y",\N,\N,"11","23","2230",1.000,0.000,1.000,0.000,1.000,0.000
"4b2b6f2e1df04686011df18d0dd32bc5","4b2b6f2e1df04686011df18b11672b9f","0aaaaaaaaaaaaaaaaaaaaaaaaaaaaaaa","0aaaaaaaaaaaaaaaaaaaaaaaaaaaaaaa","2008-12-01 15:57:12","0aaaaaaaaaaaaaaaaaaaaaaaaaaaaaaa","2008-12-01 15:57:12","Y",\N,"鸡","Y",\N,\N,"23","33","2350",1.000,0.000,1.000,0.000,1.000,0.000
"4b2b6f2e1df04686011df18f2ea02c18","4b2b6f2e1df04686011df18eabc42c08","0aaaaaaaaaaaaaaaaaaaaaaaaaaaaaaa","0aaaaaaaaaaaaaaaaaaaaaaaaaaaaaaa","2008-12-01 15:59:32","0aaaaaaaaaaaaaaaaaaaaaaaaaaaaaaa","2008-12-01 15:59:32","Y",\N,"肥","Y",\N,\N,"11","11","2350",1.000,0.000,1.000,0.000,1.000,0.000
"4b2b6f2e1df04686011df19395742d6d","4b2b6f2e1df04686011df19323af2d64","0aaaaaaaaaaaaaaaaaaaaaaaaaaaaaaa","0aaaaaaaaaaaaaaaaaaaaaaaaaaaaaaa","2008-12-01 16:04:20","0aaaaaaaaaaaaaaaaaaaaaaaaaaaaaaa","2008-12-01 16:04:20","Y",\N,"邱","Y",\N,\N,"12","21","2230",1.000,0.000,1.000,0.000,1.000,0.000
"4b2b6f2e1df04686011df195447c2dc7","4b2b6f2e1df04686011df194f3202dbd","0aaaaaaaaaaaaaaaaaaaaaaaaaaaaaaa","0aaaaaaaaaaaaaaaaaaaaaaaaaaaaaaa","2008-12-01 16:06:10","0aaaaaaaaaaaaaaaaaaaaaaaaaaaaaaa","2008-12-01 16:06:10","Y",\N,"曲","Y",\N,\N,"13","31","2230",1.000,0.000,1.000,0.000,1.000,0.000
"4b2b6f2e1df04686011dfb88917e7821","4b2b6f2e1df04686011dfb8791067817","0aaaaaaaaaaaaaaaaaaaaaaaaaaaaaaa","0aaaaaaaaaaaaaaaaaaaaaaaaaaaaaaa","2008-12-03 14:28:30","0aaaaaaaaaaaaaaaaaaaaaaaaaaaaaaa","2008-12-03 14:28:30","N",\N,"宁","Y",\N,\N,"41","41","2330",1.000,0.000,1.000,0.000,1.000,0.000
"4b2b6f2e205a15fb01205aff64760852","4b2b6f2e205a15fb01205af8d5810837","0aaaaaaaaaaaaaaaaaaaaaaaaaaaaaaa","0aaaaaaaaaaaaaaaaaaaaaaaaaaaaaaa","2009-03-31 13:27:48","0aaaaaaaaaaaaaaaaaaaaaaaaaaaaaaa","2009-03-31 13:27:48","Y",\N,"濮1","Y",\N,\N,"60","60","1930",1.000,0.000,1.000,0.000,1.000,0.000
"4b2b6f2e205a15fb01205b017749085a","4b2b6f2e205a15fb01205af9bce4083b","0aaaaaaaaaaaaaaaaaaaaaaaaaaaaaaa","0aaaaaaaaaaaaaaaaaaaaaaaaaaaaaaa","2009-03-31 13:30:03","0aaaaaaaaaaaaaaaaaaaaaaaaaaaaaaa","2009-03-31 13:30:03","Y",\N,"周","Y",\N,\N,"61","61","2230",1.000,0.000,1.000,0.000,1.000,0.000
"4b2b6f2e205a15fb01205b01e2a5085b","4b2b6f2e205a15fb01205afa54de083c","0aaaaaaaaaaaaaaaaaaaaaaaaaaaaaaa","0aaaaaaaaaaaaaaaaaaaaaaaaaaaaaaa","2009-03-31 13:30:31","0aaaaaaaaaaaaaaaaaaaaaaaaaaaaaaa","2009-03-31 13:30:31","Y",\N,"巨","Y",\N,\N,"62","62","1930",1.000,0.000,1.000,0.000,1.000,0.000
"4b2b6f2e205a15fb01205b02321d085c","4b2b6f2e205a15fb01205afaf1ab083d","0aaaaaaaaaaaaaaaaaaaaaaaaaaaaaaa","0aaaaaaaaaaaaaaaaaaaaaaaaaaaaaaa","2009-03-31 13:30:51","0aaaaaaaaaaaaaaaaaaaaaaaaaaaaaaa","2009-03-31 13:30:51","Y",\N,"内","Y",\N,\N,"63","63","1930",1.000,0.000,1.000,0.000,1.000,0.000
"4b2b6f2e205a15fb01205b027a61085d","4b2b6f2e205a15fb01205afb8c83083e","0aaaaaaaaaaaaaaaaaaaaaaaaaaaaaaa","0aaaaaaaaaaaaaaaaaaaaaaaaaaaaaaa","2009-03-31 13:31:10","0aaaaaaaaaaaaaaaaaaaaaaaaaaaaaaa","2009-03-31 13:31:10","Y",\N,"隆","Y",\N,\N,"64","64","1930",1.000,0.000,1.000,0.000,1.000,0.000
"4b2b6f2e205a15fb01205b02cb5f085e","4b2b6f2e205a15fb01205afc29400842","0aaaaaaaaaaaaaaaaaaaaaaaaaaaaaaa","0aaaaaaaaaaaaaaaaaaaaaaaaaaaaaaa","2009-03-31 13:31:31","0aaaaaaaaaaaaaaaaaaaaaaaaaaaaaaa","2009-03-31 13:31:31","Y",\N,"宗","Y",\N,\N,"65","65","1930",1.000,0.000,1.000,0.000,1.000,0.000
"4b2b6f2e205a15fb01205b030f9c085f","4b2b6f2e205a15fb01205afcdb990848","0aaaaaaaaaaaaaaaaaaaaaaaaaaaaaaa","0aaaaaaaaaaaaaaaaaaaaaaaaaaaaaaa","2009-03-31 13:31:48","0aaaaaaaaaaaaaaaaaaaaaaaaaaaaaaa","2009-03-31 13:31:48","Y",\N,"平","Y",\N,\N,"66","66","1930",1.000,0.000,1.000,0.000,1.000,0.000
"4b2b6f2e205a15fb01205b0359570860","4b2b6f2e205a15fb01205afd55ba0849","0aaaaaaaaaaaaaaaaaaaaaaaaaaaaaaa","0aaaaaaaaaaaaaaaaaaaaaaaaaaaaaaa","2009-03-31 13:32:07","0aaaaaaaaaaaaaaaaaaaaaaaaaaaaaaa","2009-03-31 13:32:07","Y",\N,"任","Y",\N,\N,"67","67","1930",1.000,0.000,1.000,0.000,1.000,0.000
"4b2b6f2e205a15fb01205b03a41b0861","4b2b6f2e205a15fb01205afe0004084e","0aaaaaaaaaaaaaaaaaaaaaaaaaaaaaaa","0aaaaaaaaaaaaaaaaaaaaaaaaaaaaaaa","2009-03-31 13:32:26","0aaaaaaaaaaaaaaaaaaaaaaaaaaaaaaa","2009-03-31 13:32:26","Y",\N,"柏","Y",\N,\N,"68","68","1930",1.000,0.000,1.000,0.000,1.000,0.000
"4b2b6f2e21014bfa01211de906260687","4b2b6f2e21014bfa01211de6d4ee05c6","0aaaaaaaaaaaaaaaaaaaaaaaaaaaaaaa","0aaaaaaaaaaaaaaaaaaaaaaaaaaaaaaa","2009-05-08 09:49:19","0aaaaaaaaaaaaaaaaaaaaaaaaaaaaaaa","2009-05-08 09:49:19","Y",\N,"林","Y",\N,\N,"45","45","2350",1.000,0.000,1.000,0.000,1.000,0.000
"4b2b6f2e21014bfa01211de9a5c20688","4b2b6f2e21014bfa01211de78dee0626","0aaaaaaaaaaaaaaaaaaaaaaaaaaaaaaa","0aaaaaaaaaaaaaaaaaaaaaaaaaaaaaaa","2009-05-08 09:50:00","0aaaaaaaaaaaaaaaaaaaaaaaaaaaaaaa","2009-05-08 09:50:00","Y",\N,"偃","Y",\N,\N,"46","46","2350",1.000,0.000,1.000,0.000,1.000,0.000
"4b2b6f2e21014bfa012122db72110066","4b2b6f2e21014bfa012122d8d7137ec7","0aaaaaaaaaaaaaaaaaaaaaaaaaaaaaaa","0aaaaaaaaaaaaaaaaaaaaaaaaaaaaaaa","2009-05-09 08:52:35","0aaaaaaaaaaaaaaaaaaaaaaaaaaaaaaa","2009-05-09 08:52:35","Y",\N,"漯","Y",\N,\N,"45","45","2350",1.000,0.000,1.000,0.000,1.000,0.000
"4b2b6f2e2151543e012151abfaf510f3","4b2b6f2e2151543e012151ab39e710ef","0aaaaaaaaaaaaaaaaaaaaaaaaaaaaaaa","0aaaaaaaaaaaaaaaaaaaaaaaaaaaaaaa","2009-05-18 11:02:53","0aaaaaaaaaaaaaaaaaaaaaaaaaaaaaaa","2009-05-18 11:02:53","Y",\N,"驻","Y",\N,\N,"47","47","2350",1.000,0.000,1.000,0.000,1.000,0.000
"4b2b6f2e2151543e012151ae125b1115","4b2b6f2e2151543e012151ad79d410fc","0aaaaaaaaaaaaaaaaaaaaaaaaaaaaaaa","0aaaaaaaaaaaaaaaaaaaaaaaaaaaaaaa","2009-05-18 11:05:10","0aaaaaaaaaaaaaaaaaaaaaaaaaaaaaaa","2009-05-18 11:05:10","Y",\N,"荥","Y",\N,\N,"58","58","2350",1.000,0.000,1.000,0.000,1.000,0.000
"4b2b6f2e2151543e012151c0ba7b1412","10aaaaaaaaaaaaaaaaaaaaaaaaaaaaaa","0aaaaaaaaaaaaaaaaaaaaaaaaaaaaaaa","0aaaaaaaaaaaaaaaaaaaaaaaaaaaaaaa","2009-05-18 11:25:33","4b2b6f2e214c042a01214e63b70c4cca","2009-05-18 11:25:33","Y",\N,"Y","Y",\N,\N,"31","31","2130",1.000,0.000,1.000,0.000,1.000,0.000
"4b2b6f2e21dee1830121e3813ca55d11","10aaaaaaaaaaaaaaaaaaaaaaaaaaaaaa","0aaaaaaaaaaaaaaaaaaaaaaaaaaaaaaa","0aaaaaaaaaaaaaaaaaaaaaaaaaaaaaaa","2009-06-15 18:40:46","4b2b6f2e214c042a01214e63b70c4cca","2009-06-15 18:40:46","Y",\N,"T","Y",\N,\N,"30","30","2130",1.000,0.000,1.000,0.000,1.000,0.000
"4b2b6f2e223fd2f90122454882767ba5","4b2b6f2e223fd2f901224547d50f7b9e","0aaaaaaaaaaaaaaaaaaaaaaaaaaaaaaa","0aaaaaaaaaaaaaaaaaaaaaaaaaaaaaaa","2009-07-04 18:21:35","0aaaaaaaaaaaaaaaaaaaaaaaaaaaaaaa","2009-07-04 18:21:35","Y",\N,"新","Y",\N,\N,"12","12","2230",1.000,0.000,1.000,0.000,1.000,0.000
"4b2b6f2e223fd2f90122454dabdf7d6f","4b2b6f2e223fd2f90122454d33b27d07","0aaaaaaaaaaaaaaaaaaaaaaaaaaaaaaa","0aaaaaaaaaaaaaaaaaaaaaaaaaaaaaaa","2009-07-04 18:27:14","0aaaaaaaaaaaaaaaaaaaaaaaaaaaaaaa","2009-07-04 18:27:14","Y",\N,"蒋","Y",\N,\N,"45","45","2230",1.000,0.000,1.000,0.000,1.000,0.000
"4b2b6f2e223fd2f90122455096267eb9","4b2b6f2e223fd2f90122454fb7bd7e1d","0aaaaaaaaaaaaaaaaaaaaaaaaaaaaaaa","0aaaaaaaaaaaaaaaaaaaaaaaaaaaaaaa","2009-07-04 18:30:25","0aaaaaaaaaaaaaaaaaaaaaaaaaaaaaaa","2009-07-04 18:30:25","Y",\N,"许","Y",\N,\N,"56","56","2230",1.000,0.000,1.000,0.000,1.000,0.000
"4b2b6f2e223fd2f9012245527e4f7f0c","4b2b6f2e223fd2f901224551e5f77efd","0aaaaaaaaaaaaaaaaaaaaaaaaaaaaaaa","0aaaaaaaaaaaaaaaaaaaaaaaaaaaaaaa","2009-07-04 18:32:30","0aaaaaaaaaaaaaaaaaaaaaaaaaaaaaaa","2009-07-04 18:32:30","Y",\N,"焦","Y",\N,\N,"76","76","2230",1.000,0.000,1.000,0.000,1.000,0.000
"4b2b6f2e22c9016c0122d39c2e71076d","4b2b6f2e22c9016c0122d39a73a2076b","0aaaaaaaaaaaaaaaaaaaaaaaaaaaaaaa","0aaaaaaaaaaaaaaaaaaaaaaaaaaaaaaa","2009-08-01 09:39:03","0aaaaaaaaaaaaaaaaaaaaaaaaaaaaaaa","2009-08-01 09:39:03","Y",\N,"厂","Y",\N,\N,"92","92","2350",1.000,0.000,1.000,0.000,1.000,0.000
"4b2b6f2e22c9016c0122d39d08180796","4b2b6f2e22c9016c0122d39b0d13076c","0aaaaaaaaaaaaaaaaaaaaaaaaaaaaaaa","0aaaaaaaaaaaaaaaaaaaaaaaaaaaaaaa","2009-08-01 09:39:59","0aaaaaaaaaaaaaaaaaaaaaaaaaaaaaaa","2009-08-01 09:39:59","Y",\N,"双","Y",\N,\N,"93","93","2350",1.000,0.000,1.000,0.000,1.000,0.000
"4b2b6f2e2313dfed01231bf648515567","4b2b6f2e2313dfed01231bf5279e54f0","0aaaaaaaaaaaaaaaaaaaaaaaaaaaaaaa","0aaaaaaaaaaaaaaaaaaaaaaaaaaaaaaa","2009-08-15 10:50:08","0aaaaaaaaaaaaaaaaaaaaaaaaaaaaaaa","2009-08-15 10:50:08","Y",\N,"永","Y",\N,\N,"35","35","2355",1.000,0.000,1.000,0.000,1.000,0.000
