1,Tue Jul 05 08:46:18 UTC 2011,true,1,Tue Jul 05 08:46:18 UTC 2011,1
2,Tue Jul 05 08:46:20 UTC 2011,true,1,Tue Jul 05 08:46:20 UTC 2011,2
3,Thu Jul 07 01:40:40 UTC 2011,false,1,Thu Jul 07 01:40:40 UTC 2011,3
4,Thu Jul 07 01:40:40 UTC 2011,true,2,Thu Jul 07 01:40:40 UTC 2011,3
5,Thu Jul 07 01:40:40 UTC 2011,false,3,Thu Jul 07 01:40:40 UTC 2011,3
6,Thu Jul 07 01:40:40 UTC 2011,false,4,Thu Jul 07 01:40:40 UTC 2011,3
7,Thu Jul 07 01:41:52 UTC 2011,false,1,Thu Jul 07 01:41:52 UTC 2011,4
8,Thu Jul 07 01:41:52 UTC 2011,true,2,Thu Jul 07 01:41:52 UTC 2011,4
9,Thu Jul 07 01:41:52 UTC 2011,false,3,Thu Jul 07 01:41:52 UTC 2011,4
10,Thu Jul 07 01:41:52 UTC 2011,false,4,Thu Jul 07 01:41:52 UTC 2011,4
11,Thu Jul 07 01:43:10 UTC 2011,false,1,Thu Jul 07 01:43:10 UTC 2011,5
12,Thu Jul 07 01:43:10 UTC 2011,true,2,Thu Jul 07 01:43:10 UTC 2011,5
13,Thu Jul 07 01:43:10 UTC 2011,false,3,Thu Jul 07 01:43:10 UTC 2011,5
14,Thu Jul 07 01:43:10 UTC 2011,false,4,Thu Jul 07 01:43:10 UTC 2011,5
15,Thu Jul 07 03:34:41 UTC 2011,false,1,Thu Jul 07 03:34:41 UTC 2011,6
16,Thu Jul 07 03:34:41 UTC 2011,true,2,Thu Jul 07 03:34:41 UTC 2011,6
17,Thu Jul 07 03:34:41 UTC 2011,false,3,Thu Jul 07 03:34:41 UTC 2011,6
18,Thu Jul 07 03:34:41 UTC 2011,false,4,Thu Jul 07 03:34:41 UTC 2011,6
19,Thu Jul 07 03:50:47 UTC 2011,false,1,Thu Jul 07 03:50:47 UTC 2011,7
20,Thu Jul 07 03:50:47 UTC 2011,true,2,Thu Jul 07 03:50:47 UTC 2011,7
21,Thu Jul 07 03:50:47 UTC 2011,false,3,Thu Jul 07 03:50:47 UTC 2011,7
22,Thu Jul 07 03:50:47 UTC 2011,false,4,Thu Jul 07 03:50:47 UTC 2011,7
23,Thu Jul 07 03:51:50 UTC 2011,false,1,Thu Jul 07 03:51:50 UTC 2011,8
24,Thu Jul 07 03:51:50 UTC 2011,true,2,Thu Jul 07 03:51:50 UTC 2011,8
25,Thu Jul 07 03:51:50 UTC 2011,false,3,Thu Jul 07 03:51:50 UTC 2011,8
26,Thu Jul 07 03:51:50 UTC 2011,false,4,Thu Jul 07 03:51:50 UTC 2011,8
27,Thu Jul 07 03:53:00 UTC 2011,false,1,Thu Jul 07 03:53:00 UTC 2011,9
28,Thu Jul 07 03:53:00 UTC 2011,true,2,Thu Jul 07 03:53:00 UTC 2011,9
29,Thu Jul 07 03:53:00 UTC 2011,false,3,Thu Jul 07 03:53:00 UTC 2011,9
30,Thu Jul 07 03:53:00 UTC 2011,false,4,Thu Jul 07 03:53:00 UTC 2011,9
31,Thu Jul 07 03:54:00 UTC 2011,false,1,Thu Jul 07 03:54:00 UTC 2011,10
32,Thu Jul 07 03:54:00 UTC 2011,true,2,Thu Jul 07 03:54:00 UTC 2011,10
33,Thu Jul 07 03:54:00 UTC 2011,false,3,Thu Jul 07 03:54:00 UTC 2011,10
34,Thu Jul 07 03:54:00 UTC 2011,false,4,Thu Jul 07 03:54:00 UTC 2011,10
35,Thu Jul 07 05:29:58 UTC 2011,false,1,Thu Jul 07 05:29:58 UTC 2011,11
36,Thu Jul 07 05:29:58 UTC 2011,true,2,Thu Jul 07 05:29:58 UTC 2011,11
37,Thu Jul 07 05:29:58 UTC 2011,false,3,Thu Jul 07 05:29:58 UTC 2011,11
38,Thu Jul 07 05:29:58 UTC 2011,false,4,Thu Jul 07 05:29:58 UTC 2011,11
39,Thu Jul 07 05:31:11 UTC 2011,false,1,Thu Jul 07 05:31:11 UTC 2011,12
40,Thu Jul 07 05:31:11 UTC 2011,true,2,Thu Jul 07 05:31:11 UTC 2011,12
41,Thu Jul 07 05:31:11 UTC 2011,false,3,Thu Jul 07 05:31:11 UTC 2011,12
42,Thu Jul 07 05:31:11 UTC 2011,false,4,Thu Jul 07 05:31:11 UTC 2011,12
43,Thu Jul 07 05:55:31 UTC 2011,false,1,Thu Jul 07 05:55:31 UTC 2011,13
44,Thu Jul 07 05:55:31 UTC 2011,true,2,Thu Jul 07 05:55:31 UTC 2011,13
45,Thu Jul 07 05:55:31 UTC 2011,false,3,Thu Jul 07 05:55:31 UTC 2011,13
46,Thu Jul 07 05:55:31 UTC 2011,false,4,Thu Jul 07 05:55:31 UTC 2011,13
47,Thu Jul 07 05:56:55 UTC 2011,false,1,Thu Jul 07 05:56:55 UTC 2011,14
48,Thu Jul 07 05:56:55 UTC 2011,true,2,Thu Jul 07 05:56:55 UTC 2011,14
49,Thu Jul 07 05:56:55 UTC 2011,false,3,Thu Jul 07 05:56:55 UTC 2011,14
50,Thu Jul 07 05:56:55 UTC 2011,false,4,Thu Jul 07 05:56:55 UTC 2011,14
51,Thu Jul 07 06:07:11 UTC 2011,false,1,Thu Jul 07 06:07:11 UTC 2011,15
52,Thu Jul 07 06:07:11 UTC 2011,true,2,Thu Jul 07 06:07:11 UTC 2011,15
53,Thu Jul 07 06:07:11 UTC 2011,false,3,Thu Jul 07 06:07:11 UTC 2011,15
54,Thu Jul 07 06:07:11 UTC 2011,false,4,Thu Jul 07 06:07:11 UTC 2011,15
55,Thu Jul 07 06:09:18 UTC 2011,false,1,Thu Jul 07 06:09:18 UTC 2011,16
56,Thu Jul 07 06:09:18 UTC 2011,true,2,Thu Jul 07 06:10:02 UTC 2011,16
57,Thu Jul 07 06:09:18 UTC 2011,false,3,Thu Jul 07 06:09:18 UTC 2011,16
58,Thu Jul 07 06:09:18 UTC 2011,false,4,Thu Jul 07 06:09:18 UTC 2011,16
59,Thu Jul 07 06:11:17 UTC 2011,false,1,Thu Jul 07 06:11:17 UTC 2011,17
60,Thu Jul 07 06:11:17 UTC 2011,true,2,Thu Jul 07 06:11:17 UTC 2011,17
61,Thu Jul 07 06:11:17 UTC 2011,false,3,Thu Jul 07 06:11:17 UTC 2011,17
62,Thu Jul 07 06:11:17 UTC 2011,false,4,Thu Jul 07 06:11:17 UTC 2011,17
63,Thu Jul 07 06:12:45 UTC 2011,false,1,Thu Jul 07 06:12:45 UTC 2011,18
64,Thu Jul 07 06:12:45 UTC 2011,true,2,Thu Jul 07 06:12:45 UTC 2011,18
65,Thu Jul 07 06:12:45 UTC 2011,false,3,Thu Jul 07 06:12:45 UTC 2011,18
66,Thu Jul 07 06:12:45 UTC 2011,false,4,Thu Jul 07 06:12:45 UTC 2011,18
67,Thu Jul 07 06:14:02 UTC 2011,false,1,Thu Jul 07 06:14:02 UTC 2011,19
68,Thu Jul 07 06:14:02 UTC 2011,true,2,Thu Jul 07 06:14:02 UTC 2011,19
69,Thu Jul 07 06:14:02 UTC 2011,false,3,Thu Jul 07 06:14:02 UTC 2011,19
70,Thu Jul 07 06:14:02 UTC 2011,false,4,Thu Jul 07 06:14:02 UTC 2011,19
71,Thu Jul 07 06:15:09 UTC 2011,false,1,Thu Jul 07 06:15:09 UTC 2011,20
72,Thu Jul 07 06:15:09 UTC 2011,true,2,Thu Jul 07 06:15:09 UTC 2011,20
73,Thu Jul 07 06:15:09 UTC 2011,false,3,Thu Jul 07 06:15:09 UTC 2011,20
74,Thu Jul 07 06:15:09 UTC 2011,false,4,Thu Jul 07 06:15:09 UTC 2011,20
75,Thu Jul 07 06:16:39 UTC 2011,false,1,Thu Jul 07 06:16:39 UTC 2011,21
76,Thu Jul 07 06:16:39 UTC 2011,true,2,Thu Jul 07 06:16:39 UTC 2011,21
77,Thu Jul 07 06:16:39 UTC 2011,false,3,Thu Jul 07 06:16:39 UTC 2011,21
78,Thu Jul 07 06:16:39 UTC 2011,false,4,Thu Jul 07 06:16:39 UTC 2011,21
79,Thu Jul 07 06:17:59 UTC 2011,false,1,Thu Jul 07 06:17:59 UTC 2011,22
80,Thu Jul 07 06:17:59 UTC 2011,true,2,Thu Jul 07 06:17:59 UTC 2011,22
81,Thu Jul 07 06:17:59 UTC 2011,false,3,Thu Jul 07 06:17:59 UTC 2011,22
82,Thu Jul 07 06:17:59 UTC 2011,false,4,Thu Jul 07 06:17:59 UTC 2011,22
83,Thu Jul 07 06:19:18 UTC 2011,false,1,Thu Jul 07 06:19:18 UTC 2011,23
84,Thu Jul 07 06:19:18 UTC 2011,true,2,Thu Jul 07 06:19:18 UTC 2011,23
85,Thu Jul 07 06:19:18 UTC 2011,false,3,Thu Jul 07 06:19:18 UTC 2011,23
86,Thu Jul 07 06:19:18 UTC 2011,false,4,Thu Jul 07 06:19:18 UTC 2011,23
87,Thu Jul 07 06:24:06 UTC 2011,false,1,Thu Jul 07 06:24:06 UTC 2011,24
88,Thu Jul 07 06:24:06 UTC 2011,true,2,Thu Jul 07 06:24:06 UTC 2011,24
89,Thu Jul 07 06:24:06 UTC 2011,false,3,Thu Jul 07 06:24:06 UTC 2011,24
90,Thu Jul 07 06:24:06 UTC 2011,false,4,Thu Jul 07 06:24:06 UTC 2011,24
91,Thu Jul 07 06:26:16 UTC 2011,false,1,Thu Jul 07 06:26:16 UTC 2011,25
92,Thu Jul 07 06:26:16 UTC 2011,true,2,Thu Jul 07 06:26:16 UTC 2011,25
93,Thu Jul 07 06:26:16 UTC 2011,false,3,Thu Jul 07 06:26:16 UTC 2011,25
94,Thu Jul 07 06:26:16 UTC 2011,false,4,Thu Jul 07 06:26:16 UTC 2011,25
95,Thu Jul 07 06:28:56 UTC 2011,false,1,Thu Jul 07 06:28:56 UTC 2011,26
96,Thu Jul 07 06:28:56 UTC 2011,true,2,Thu Jul 07 06:28:56 UTC 2011,26
97,Thu Jul 07 06:28:56 UTC 2011,false,3,Thu Jul 07 06:28:56 UTC 2011,26
98,Thu Jul 07 06:28:56 UTC 2011,false,4,Thu Jul 07 06:28:56 UTC 2011,26
99,Thu Jul 07 06:33:31 UTC 2011,false,1,Thu Jul 07 06:33:31 UTC 2011,27
100,Thu Jul 07 06:33:31 UTC 2011,true,2,Thu Jul 07 06:33:31 UTC 2011,27
101,Thu Jul 07 06:33:31 UTC 2011,false,3,Thu Jul 07 06:33:31 UTC 2011,27
102,Thu Jul 07 06:33:31 UTC 2011,false,4,Thu Jul 07 06:33:31 UTC 2011,27
103,Fri Jul 08 01:52:10 UTC 2011,false,1,Fri Jul 08 01:52:10 UTC 2011,28
104,Fri Jul 08 01:52:10 UTC 2011,false,2,Fri Jul 08 01:52:10 UTC 2011,28
105,Fri Jul 08 01:52:10 UTC 2011,false,3,Fri Jul 08 01:52:10 UTC 2011,28
106,Fri Jul 08 01:52:10 UTC 2011,false,4,Fri Jul 08 01:52:10 UTC 2011,28
107,Fri Jul 08 01:52:10 UTC 2011,true,5,Fri Jul 08 01:52:10 UTC 2011,28
108,Sat Jul 09 03:15:42 UTC 2011,false,2,Sat Jul 09 03:15:42 UTC 2011,2
109,Sat Jul 09 03:15:42 UTC 2011,false,3,Sat Jul 09 03:15:42 UTC 2011,2
110,Sat Jul 09 03:15:42 UTC 2011,false,4,Sat Jul 09 03:15:42 UTC 2011,2
111,Sat Jul 09 03:15:42 UTC 2011,false,5,Sat Jul 09 03:15:42 UTC 2011,2
112,Sat Jul 09 03:15:44 UTC 2011,false,2,Sat Jul 09 03:15:44 UTC 2011,2
113,Sat Jul 09 03:15:44 UTC 2011,false,3,Sat Jul 09 03:15:44 UTC 2011,2
114,Sat Jul 09 03:15:44 UTC 2011,false,4,Sat Jul 09 03:15:44 UTC 2011,2
115,Sat Jul 09 03:15:44 UTC 2011,false,5,Sat Jul 09 03:15:44 UTC 2011,2
116,Sat Jul 09 03:21:39 UTC 2011,false,1,Sat Jul 09 03:21:39 UTC 2011,29
117,Sat Jul 09 03:21:39 UTC 2011,false,2,Sat Jul 09 03:21:39 UTC 2011,29
118,Sat Jul 09 03:21:39 UTC 2011,true,3,Sat Jul 09 03:21:39 UTC 2011,29
119,Sat Jul 09 03:21:39 UTC 2011,false,4,Sat Jul 09 03:21:39 UTC 2011,29
120,Sat Jul 09 03:21:39 UTC 2011,false,5,Sat Jul 09 03:21:39 UTC 2011,29
121,Sat Jul 09 03:27:51 UTC 2011,false,1,Sat Jul 09 03:27:51 UTC 2011,30
122,Sat Jul 09 03:27:51 UTC 2011,false,2,Sat Jul 09 03:27:51 UTC 2011,30
123,Sat Jul 09 03:27:51 UTC 2011,true,3,Sat Jul 09 03:27:51 UTC 2011,30
124,Sat Jul 09 03:27:52 UTC 2011,false,4,Sat Jul 09 03:27:52 UTC 2011,30
125,Sat Jul 09 03:27:52 UTC 2011,false,5,Sat Jul 09 03:27:52 UTC 2011,30
126,Sat Jul 09 03:29:17 UTC 2011,false,1,Sat Jul 09 03:29:17 UTC 2011,31
127,Sat Jul 09 03:29:17 UTC 2011,false,2,Sat Jul 09 03:29:17 UTC 2011,31
128,Sat Jul 09 03:29:17 UTC 2011,true,3,Sat Jul 09 03:29:17 UTC 2011,31
129,Sat Jul 09 03:29:17 UTC 2011,false,4,Sat Jul 09 03:29:17 UTC 2011,31
130,Sat Jul 09 03:29:17 UTC 2011,false,5,Sat Jul 09 03:29:17 UTC 2011,31
131,Sat Jul 09 03:30:11 UTC 2011,false,1,Sat Jul 09 03:30:11 UTC 2011,32
132,Sat Jul 09 03:30:11 UTC 2011,false,2,Sat Jul 09 03:30:11 UTC 2011,32
133,Sat Jul 09 03:30:11 UTC 2011,true,3,Sat Jul 09 03:30:11 UTC 2011,32
134,Sat Jul 09 03:30:11 UTC 2011,false,4,Sat Jul 09 03:30:11 UTC 2011,32
135,Sat Jul 09 03:30:11 UTC 2011,false,5,Sat Jul 09 03:30:11 UTC 2011,32
136,Sat Jul 09 03:31:09 UTC 2011,false,1,Sat Jul 09 03:31:09 UTC 2011,33
137,Sat Jul 09 03:31:10 UTC 2011,false,2,Sat Jul 09 03:31:10 UTC 2011,33
138,Sat Jul 09 03:31:10 UTC 2011,true,3,Sat Jul 09 03:31:10 UTC 2011,33
139,Sat Jul 09 03:31:10 UTC 2011,false,4,Sat Jul 09 03:31:10 UTC 2011,33
140,Sat Jul 09 03:31:10 UTC 2011,false,5,Sat Jul 09 03:31:10 UTC 2011,33
141,Sat Jul 09 03:31:45 UTC 2011,false,1,Sat Jul 09 03:31:45 UTC 2011,34
142,Sat Jul 09 03:31:45 UTC 2011,false,2,Sat Jul 09 03:31:45 UTC 2011,34
143,Sat Jul 09 03:31:45 UTC 2011,true,3,Sat Jul 09 03:31:45 UTC 2011,34
144,Sat Jul 09 03:31:45 UTC 2011,false,4,Sat Jul 09 03:31:45 UTC 2011,34
145,Sat Jul 09 03:31:45 UTC 2011,false,5,Sat Jul 09 03:31:45 UTC 2011,34
146,Sat Jul 09 03:33:52 UTC 2011,false,1,Sat Jul 09 03:33:52 UTC 2011,35
147,Sat Jul 09 03:33:52 UTC 2011,false,2,Sat Jul 09 03:33:52 UTC 2011,35
148,Sat Jul 09 03:33:52 UTC 2011,true,3,Sat Jul 09 03:33:52 UTC 2011,35
149,Sat Jul 09 03:33:52 UTC 2011,false,4,Sat Jul 09 03:33:52 UTC 2011,35
150,Sat Jul 09 03:33:52 UTC 2011,false,5,Sat Jul 09 03:33:52 UTC 2011,35
151,Sat Jul 09 05:55:57 UTC 2011,false,1,Sat Jul 09 05:55:57 UTC 2011,36
152,Sat Jul 09 05:55:57 UTC 2011,false,2,Sat Jul 09 05:55:57 UTC 2011,36
153,Sat Jul 09 05:55:57 UTC 2011,true,3,Sat Jul 09 05:55:57 UTC 2011,36
154,Sat Jul 09 05:55:57 UTC 2011,false,4,Sat Jul 09 05:55:57 UTC 2011,36
155,Sat Jul 09 05:55:57 UTC 2011,false,5,Sat Jul 09 05:55:57 UTC 2011,36
156,Sat Jul 09 05:56:40 UTC 2011,false,1,Sat Jul 09 05:56:40 UTC 2011,37
157,Sat Jul 09 05:56:40 UTC 2011,false,2,Sat Jul 09 05:56:40 UTC 2011,37
158,Sat Jul 09 05:56:40 UTC 2011,true,3,Sat Jul 09 05:56:40 UTC 2011,37
159,Sat Jul 09 05:56:40 UTC 2011,false,4,Sat Jul 09 05:56:40 UTC 2011,37
160,Sat Jul 09 05:56:40 UTC 2011,false,5,Sat Jul 09 05:56:40 UTC 2011,37
161,Sat Jul 09 05:57:37 UTC 2011,false,1,Sat Jul 09 05:57:37 UTC 2011,38
162,Sat Jul 09 05:57:37 UTC 2011,false,2,Sat Jul 09 05:57:37 UTC 2011,38
163,Sat Jul 09 05:57:37 UTC 2011,true,3,Sat Jul 09 05:57:37 UTC 2011,38
164,Sat Jul 09 05:57:37 UTC 2011,false,4,Sat Jul 09 05:57:37 UTC 2011,38
165,Sat Jul 09 05:57:37 UTC 2011,false,5,Sat Jul 09 05:57:37 UTC 2011,38
166,Sat Jul 09 05:58:39 UTC 2011,false,1,Sat Jul 09 05:58:39 UTC 2011,39
167,Sat Jul 09 05:58:39 UTC 2011,false,2,Sat Jul 09 05:58:39 UTC 2011,39
168,Sat Jul 09 05:58:39 UTC 2011,true,3,Sat Jul 09 05:58:39 UTC 2011,39
169,Sat Jul 09 05:58:39 UTC 2011,false,4,Sat Jul 09 05:58:39 UTC 2011,39
170,Sat Jul 09 05:58:39 UTC 2011,false,5,Sat Jul 09 05:58:39 UTC 2011,39
171,Sat Jul 09 05:59:30 UTC 2011,false,1,Sat Jul 09 05:59:30 UTC 2011,40
172,Sat Jul 09 05:59:30 UTC 2011,false,2,Sat Jul 09 05:59:30 UTC 2011,40
173,Sat Jul 09 05:59:30 UTC 2011,true,3,Sat Jul 09 05:59:30 UTC 2011,40
174,Sat Jul 09 05:59:30 UTC 2011,false,4,Sat Jul 09 05:59:30 UTC 2011,40
175,Sat Jul 09 05:59:30 UTC 2011,false,5,Sat Jul 09 05:59:30 UTC 2011,40
176,Sat Jul 09 06:00:24 UTC 2011,false,1,Sat Jul 09 06:00:24 UTC 2011,41
177,Sat Jul 09 06:00:24 UTC 2011,false,2,Sat Jul 09 06:00:24 UTC 2011,41
178,Sat Jul 09 06:00:24 UTC 2011,true,3,Sat Jul 09 06:00:24 UTC 2011,41
179,Sat Jul 09 06:00:24 UTC 2011,false,4,Sat Jul 09 06:00:24 UTC 2011,41
180,Sat Jul 09 06:00:24 UTC 2011,false,5,Sat Jul 09 06:00:24 UTC 2011,41
181,Sat Jul 09 06:00:58 UTC 2011,false,1,Sat Jul 09 06:00:58 UTC 2011,42
182,Sat Jul 09 06:00:58 UTC 2011,false,2,Sat Jul 09 06:00:58 UTC 2011,42
183,Sat Jul 09 06:00:58 UTC 2011,true,3,Sat Jul 09 06:00:58 UTC 2011,42
184,Sat Jul 09 06:00:58 UTC 2011,false,4,Sat Jul 09 06:00:58 UTC 2011,42
185,Sat Jul 09 06:00:58 UTC 2011,false,5,Sat Jul 09 06:00:58 UTC 2011,42
186,Sat Jul 09 06:01:32 UTC 2011,false,1,Sat Jul 09 06:01:32 UTC 2011,43
187,Sat Jul 09 06:01:32 UTC 2011,false,2,Sat Jul 09 06:01:32 UTC 2011,43
188,Sat Jul 09 06:01:32 UTC 2011,true,3,Sat Jul 09 06:01:32 UTC 2011,43
189,Sat Jul 09 06:01:32 UTC 2011,false,4,Sat Jul 09 06:01:32 UTC 2011,43
190,Sat Jul 09 06:01:32 UTC 2011,false,5,Sat Jul 09 06:01:32 UTC 2011,43
191,Sat Jul 09 06:02:15 UTC 2011,false,1,Sat Jul 09 06:02:15 UTC 2011,44
192,Sat Jul 09 06:02:15 UTC 2011,false,2,Sat Jul 09 06:02:15 UTC 2011,44
193,Sat Jul 09 06:02:15 UTC 2011,true,3,Sat Jul 09 06:02:15 UTC 2011,44
194,Sat Jul 09 06:02:15 UTC 2011,false,4,Sat Jul 09 06:02:15 UTC 2011,44
195,Sat Jul 09 06:02:15 UTC 2011,false,5,Sat Jul 09 06:02:15 UTC 2011,44
196,Sat Jul 09 06:02:59 UTC 2011,false,1,Sat Jul 09 06:02:59 UTC 2011,45
197,Sat Jul 09 06:02:59 UTC 2011,false,2,Sat Jul 09 06:02:59 UTC 2011,45
198,Sat Jul 09 06:02:59 UTC 2011,true,3,Sat Jul 09 06:02:59 UTC 2011,45
199,Sat Jul 09 06:02:59 UTC 2011,false,4,Sat Jul 09 06:02:59 UTC 2011,45
200,Sat Jul 09 06:02:59 UTC 2011,false,5,Sat Jul 09 06:02:59 UTC 2011,45
201,Sat Jul 09 06:04:34 UTC 2011,false,1,Sat Jul 09 06:04:34 UTC 2011,46
202,Sat Jul 09 06:04:34 UTC 2011,false,2,Sat Jul 09 06:04:34 UTC 2011,46
203,Sat Jul 09 06:04:34 UTC 2011,true,3,Sat Jul 09 06:04:34 UTC 2011,46
204,Sat Jul 09 06:04:34 UTC 2011,false,4,Sat Jul 09 06:04:34 UTC 2011,46
205,Sat Jul 09 06:04:34 UTC 2011,false,5,Sat Jul 09 06:04:34 UTC 2011,46
206,Sat Jul 09 06:05:06 UTC 2011,false,1,Sat Jul 09 06:05:06 UTC 2011,47
207,Sat Jul 09 06:05:06 UTC 2011,false,2,Sat Jul 09 06:05:06 UTC 2011,47
208,Sat Jul 09 06:05:06 UTC 2011,true,3,Sat Jul 09 06:05:06 UTC 2011,47
209,Sat Jul 09 06:05:06 UTC 2011,false,4,Sat Jul 09 06:05:06 UTC 2011,47
210,Sat Jul 09 06:05:06 UTC 2011,false,5,Sat Jul 09 06:05:06 UTC 2011,47
211,Sat Jul 09 06:06:54 UTC 2011,false,1,Sat Jul 09 06:06:54 UTC 2011,48
212,Sat Jul 09 06:06:54 UTC 2011,false,2,Sat Jul 09 06:06:54 UTC 2011,48
213,Sat Jul 09 06:06:54 UTC 2011,true,3,Sat Jul 09 06:06:54 UTC 2011,48
214,Sat Jul 09 06:06:54 UTC 2011,false,4,Sat Jul 09 06:06:54 UTC 2011,48
215,Sat Jul 09 06:06:54 UTC 2011,false,5,Sat Jul 09 06:06:54 UTC 2011,48
216,Sat Jul 09 06:07:32 UTC 2011,false,1,Sat Jul 09 06:07:32 UTC 2011,49
217,Sat Jul 09 06:07:32 UTC 2011,false,2,Sat Jul 09 06:07:32 UTC 2011,49
218,Sat Jul 09 06:07:32 UTC 2011,true,3,Sat Jul 09 06:07:32 UTC 2011,49
219,Sat Jul 09 06:07:32 UTC 2011,false,4,Sat Jul 09 06:07:32 UTC 2011,49
220,Sat Jul 09 06:07:32 UTC 2011,false,5,Sat Jul 09 06:07:32 UTC 2011,49
221,Sat Jul 09 06:08:15 UTC 2011,false,1,Sat Jul 09 06:08:15 UTC 2011,50
222,Sat Jul 09 06:08:15 UTC 2011,false,2,Sat Jul 09 06:08:15 UTC 2011,50
223,Sat Jul 09 06:08:15 UTC 2011,true,3,Sat Jul 09 06:08:15 UTC 2011,50
224,Sat Jul 09 06:08:15 UTC 2011,false,4,Sat Jul 09 06:08:15 UTC 2011,50
225,Sat Jul 09 06:08:15 UTC 2011,false,5,Sat Jul 09 06:08:15 UTC 2011,50
226,Sat Jul 09 06:09:15 UTC 2011,false,1,Sat Jul 09 06:09:15 UTC 2011,51
227,Sat Jul 09 06:09:15 UTC 2011,false,2,Sat Jul 09 06:09:15 UTC 2011,51
228,Sat Jul 09 06:09:15 UTC 2011,true,3,Sat Jul 09 06:09:15 UTC 2011,51
229,Sat Jul 09 06:09:15 UTC 2011,false,4,Sat Jul 09 06:09:15 UTC 2011,51
230,Sat Jul 09 06:09:15 UTC 2011,false,5,Sat Jul 09 06:09:15 UTC 2011,51
231,Sat Jul 09 06:10:15 UTC 2011,false,1,Sat Jul 09 06:10:15 UTC 2011,52
232,Sat Jul 09 06:10:15 UTC 2011,false,2,Sat Jul 09 06:10:15 UTC 2011,52
233,Sat Jul 09 06:10:15 UTC 2011,true,3,Sat Jul 09 06:10:15 UTC 2011,52
234,Sat Jul 09 06:10:15 UTC 2011,false,4,Sat Jul 09 06:10:15 UTC 2011,52
235,Sat Jul 09 06:10:15 UTC 2011,false,5,Sat Jul 09 06:10:15 UTC 2011,52
236,Sat Jul 09 06:11:26 UTC 2011,false,1,Sat Jul 09 06:11:26 UTC 2011,53
237,Sat Jul 09 06:11:26 UTC 2011,false,2,Sat Jul 09 06:11:26 UTC 2011,53
238,Sat Jul 09 06:11:26 UTC 2011,true,3,Sat Jul 09 06:11:26 UTC 2011,53
239,Sat Jul 09 06:11:26 UTC 2011,false,4,Sat Jul 09 06:11:26 UTC 2011,53
240,Sat Jul 09 06:11:26 UTC 2011,false,5,Sat Jul 09 06:11:26 UTC 2011,53
241,Sat Jul 09 06:13:42 UTC 2011,false,1,Sat Jul 09 06:13:42 UTC 2011,54
242,Sat Jul 09 06:13:42 UTC 2011,false,2,Sat Jul 09 06:13:42 UTC 2011,54
243,Sat Jul 09 06:13:42 UTC 2011,true,3,Sat Jul 09 06:13:42 UTC 2011,54
244,Sat Jul 09 06:13:42 UTC 2011,false,4,Sat Jul 09 06:13:42 UTC 2011,54
245,Sat Jul 09 06:13:42 UTC 2011,false,5,Sat Jul 09 06:13:42 UTC 2011,54
246,Sat Jul 09 06:16:46 UTC 2011,false,1,Sat Jul 09 06:16:46 UTC 2011,55
247,Sat Jul 09 06:16:46 UTC 2011,false,2,Sat Jul 09 06:16:46 UTC 2011,55
248,Sat Jul 09 06:16:46 UTC 2011,true,3,Sat Jul 09 06:16:46 UTC 2011,55
249,Sat Jul 09 06:16:46 UTC 2011,false,4,Sat Jul 09 06:16:46 UTC 2011,55
250,Sat Jul 09 06:16:46 UTC 2011,false,5,Sat Jul 09 06:16:46 UTC 2011,55
251,Sat Jul 09 06:17:21 UTC 2011,false,1,Sat Jul 09 06:17:21 UTC 2011,56
252,Sat Jul 09 06:17:21 UTC 2011,false,2,Sat Jul 09 06:17:21 UTC 2011,56
253,Sat Jul 09 06:17:21 UTC 2011,true,3,Sat Jul 09 06:17:21 UTC 2011,56
254,Sat Jul 09 06:17:21 UTC 2011,false,4,Sat Jul 09 06:17:21 UTC 2011,56
255,Sat Jul 09 06:17:21 UTC 2011,false,5,Sat Jul 09 06:17:21 UTC 2011,56
256,Sat Jul 09 06:18:14 UTC 2011,false,1,Sat Jul 09 06:18:14 UTC 2011,57
257,Sat Jul 09 06:18:14 UTC 2011,false,2,Sat Jul 09 06:18:14 UTC 2011,57
258,Sat Jul 09 06:18:14 UTC 2011,true,3,Sat Jul 09 06:18:14 UTC 2011,57
259,Sat Jul 09 06:18:14 UTC 2011,false,4,Sat Jul 09 06:18:14 UTC 2011,57
260,Sat Jul 09 06:18:14 UTC 2011,false,5,Sat Jul 09 06:18:14 UTC 2011,57
261,Sat Jul 09 06:18:56 UTC 2011,false,1,Sat Jul 09 06:18:56 UTC 2011,58
262,Sat Jul 09 06:18:56 UTC 2011,false,2,Sat Jul 09 06:18:56 UTC 2011,58
263,Sat Jul 09 06:18:56 UTC 2011,true,3,Sat Jul 09 06:18:56 UTC 2011,58
264,Sat Jul 09 06:18:56 UTC 2011,false,4,Sat Jul 09 06:18:56 UTC 2011,58
265,Sat Jul 09 06:18:56 UTC 2011,false,5,Sat Jul 09 06:18:56 UTC 2011,58
266,Sat Jul 09 06:19:46 UTC 2011,false,1,Sat Jul 09 06:19:46 UTC 2011,59
267,Sat Jul 09 06:19:46 UTC 2011,false,2,Sat Jul 09 06:19:46 UTC 2011,59
268,Sat Jul 09 06:19:46 UTC 2011,true,3,Sat Jul 09 06:19:46 UTC 2011,59
269,Sat Jul 09 06:19:46 UTC 2011,false,4,Sat Jul 09 06:19:46 UTC 2011,59
270,Sat Jul 09 06:19:46 UTC 2011,false,5,Sat Jul 09 06:19:46 UTC 2011,59
271,Sat Jul 09 06:20:50 UTC 2011,false,1,Sat Jul 09 06:20:50 UTC 2011,60
272,Sat Jul 09 06:20:50 UTC 2011,false,2,Sat Jul 09 06:20:50 UTC 2011,60
273,Sat Jul 09 06:20:50 UTC 2011,true,3,Sat Jul 09 06:20:50 UTC 2011,60
274,Sat Jul 09 06:20:50 UTC 2011,false,4,Sat Jul 09 06:20:50 UTC 2011,60
275,Sat Jul 09 06:20:50 UTC 2011,false,5,Sat Jul 09 06:20:50 UTC 2011,60
276,Sat Jul 09 06:21:44 UTC 2011,false,1,Sat Jul 09 06:21:44 UTC 2011,61
277,Sat Jul 09 06:21:44 UTC 2011,false,2,Sat Jul 09 06:21:44 UTC 2011,61
278,Sat Jul 09 06:21:44 UTC 2011,true,3,Sat Jul 09 06:21:44 UTC 2011,61
279,Sat Jul 09 06:21:44 UTC 2011,false,4,Sat Jul 09 06:21:44 UTC 2011,61
280,Sat Jul 09 06:21:44 UTC 2011,false,5,Sat Jul 09 06:21:44 UTC 2011,61
281,Sat Jul 09 06:22:18 UTC 2011,false,1,Sat Jul 09 06:22:18 UTC 2011,62
282,Sat Jul 09 06:22:18 UTC 2011,false,2,Sat Jul 09 06:22:18 UTC 2011,62
283,Sat Jul 09 06:22:18 UTC 2011,true,3,Sat Jul 09 06:22:18 UTC 2011,62
284,Sat Jul 09 06:22:18 UTC 2011,false,4,Sat Jul 09 06:22:18 UTC 2011,62
285,Sat Jul 09 06:22:18 UTC 2011,false,5,Sat Jul 09 06:22:18 UTC 2011,62
286,Sat Jul 09 06:22:59 UTC 2011,false,1,Sat Jul 09 06:22:59 UTC 2011,63
287,Sat Jul 09 06:22:59 UTC 2011,false,2,Sat Jul 09 06:22:59 UTC 2011,63
288,Sat Jul 09 06:22:59 UTC 2011,true,3,Sat Jul 09 06:22:59 UTC 2011,63
289,Sat Jul 09 06:22:59 UTC 2011,false,4,Sat Jul 09 06:22:59 UTC 2011,63
290,Sat Jul 09 06:22:59 UTC 2011,false,5,Sat Jul 09 06:22:59 UTC 2011,63
291,Sat Jul 09 06:23:46 UTC 2011,false,1,Sat Jul 09 06:23:46 UTC 2011,64
292,Sat Jul 09 06:23:46 UTC 2011,false,2,Sat Jul 09 06:23:46 UTC 2011,64
293,Sat Jul 09 06:23:46 UTC 2011,true,3,Sat Jul 09 06:23:46 UTC 2011,64
294,Sat Jul 09 06:23:46 UTC 2011,false,4,Sat Jul 09 06:23:46 UTC 2011,64
295,Sat Jul 09 06:23:46 UTC 2011,false,5,Sat Jul 09 06:23:46 UTC 2011,64
296,Sat Jul 09 06:24:40 UTC 2011,false,1,Sat Jul 09 06:24:40 UTC 2011,65
297,Sat Jul 09 06:24:40 UTC 2011,false,2,Sat Jul 09 06:24:40 UTC 2011,65
298,Sat Jul 09 06:24:40 UTC 2011,true,3,Sat Jul 09 06:24:40 UTC 2011,65
299,Sat Jul 09 06:24:40 UTC 2011,false,4,Sat Jul 09 06:24:40 UTC 2011,65
300,Sat Jul 09 06:24:40 UTC 2011,false,5,Sat Jul 09 06:24:40 UTC 2011,65
301,Sat Jul 09 06:25:23 UTC 2011,false,1,Sat Jul 09 06:25:23 UTC 2011,66
302,Sat Jul 09 06:25:23 UTC 2011,false,2,Sat Jul 09 06:25:23 UTC 2011,66
303,Sat Jul 09 06:25:24 UTC 2011,true,3,Sat Jul 09 06:25:24 UTC 2011,66
304,Sat Jul 09 06:25:24 UTC 2011,false,4,Sat Jul 09 06:25:24 UTC 2011,66
305,Sat Jul 09 06:25:24 UTC 2011,false,5,Sat Jul 09 06:25:24 UTC 2011,66
306,Sat Jul 09 06:26:05 UTC 2011,false,1,Sat Jul 09 06:26:05 UTC 2011,67
307,Sat Jul 09 06:26:05 UTC 2011,false,2,Sat Jul 09 06:26:05 UTC 2011,67
308,Sat Jul 09 06:26:05 UTC 2011,true,3,Sat Jul 09 06:26:05 UTC 2011,67
309,Sat Jul 09 06:26:05 UTC 2011,false,4,Sat Jul 09 06:26:05 UTC 2011,67
310,Sat Jul 09 06:26:05 UTC 2011,false,5,Sat Jul 09 06:26:05 UTC 2011,67
311,Sat Jul 09 06:27:02 UTC 2011,false,1,Sat Jul 09 06:27:02 UTC 2011,68
312,Sat Jul 09 06:27:02 UTC 2011,false,2,Sat Jul 09 06:27:02 UTC 2011,68
313,Sat Jul 09 06:27:02 UTC 2011,true,3,Sat Jul 09 06:27:02 UTC 2011,68
314,Sat Jul 09 06:27:02 UTC 2011,false,4,Sat Jul 09 06:27:02 UTC 2011,68
315,Sat Jul 09 06:27:02 UTC 2011,false,5,Sat Jul 09 06:27:02 UTC 2011,68
316,Sat Jul 09 06:27:37 UTC 2011,false,1,Sat Jul 09 06:27:37 UTC 2011,69
317,Sat Jul 09 06:27:37 UTC 2011,false,2,Sat Jul 09 06:27:37 UTC 2011,69
318,Sat Jul 09 06:27:37 UTC 2011,true,3,Sat Jul 09 06:27:37 UTC 2011,69
319,Sat Jul 09 06:27:37 UTC 2011,false,4,Sat Jul 09 06:27:37 UTC 2011,69
320,Sat Jul 09 06:27:37 UTC 2011,false,5,Sat Jul 09 06:27:37 UTC 2011,69
321,Sat Jul 09 06:28:32 UTC 2011,false,1,Sat Jul 09 06:28:32 UTC 2011,70
322,Sat Jul 09 06:28:32 UTC 2011,false,2,Sat Jul 09 06:28:32 UTC 2011,70
323,Sat Jul 09 06:28:32 UTC 2011,true,3,Sat Jul 09 06:28:32 UTC 2011,70
324,Sat Jul 09 06:28:32 UTC 2011,false,4,Sat Jul 09 06:28:32 UTC 2011,70
325,Sat Jul 09 06:28:32 UTC 2011,false,5,Sat Jul 09 06:28:32 UTC 2011,70
326,Sat Jul 09 06:29:19 UTC 2011,false,1,Sat Jul 09 06:29:19 UTC 2011,71
327,Sat Jul 09 06:29:19 UTC 2011,false,2,Sat Jul 09 06:29:19 UTC 2011,71
328,Sat Jul 09 06:29:19 UTC 2011,true,3,Sat Jul 09 06:29:19 UTC 2011,71
329,Sat Jul 09 06:29:19 UTC 2011,false,4,Sat Jul 09 06:29:19 UTC 2011,71
330,Sat Jul 09 06:29:19 UTC 2011,false,5,Sat Jul 09 06:29:19 UTC 2011,71
331,Sat Jul 09 06:30:02 UTC 2011,false,1,Sat Jul 09 06:30:02 UTC 2011,72
332,Sat Jul 09 06:30:02 UTC 2011,false,2,Sat Jul 09 06:30:02 UTC 2011,72
333,Sat Jul 09 06:30:02 UTC 2011,true,3,Sat Jul 09 06:30:02 UTC 2011,72
334,Sat Jul 09 06:30:02 UTC 2011,false,4,Sat Jul 09 06:30:02 UTC 2011,72
335,Sat Jul 09 06:30:02 UTC 2011,false,5,Sat Jul 09 06:30:02 UTC 2011,72
336,Sat Jul 09 06:30:47 UTC 2011,false,1,Sat Jul 09 06:30:47 UTC 2011,73
337,Sat Jul 09 06:30:47 UTC 2011,false,2,Sat Jul 09 06:30:47 UTC 2011,73
338,Sat Jul 09 06:30:47 UTC 2011,true,3,Sat Jul 09 06:30:47 UTC 2011,73
339,Sat Jul 09 06:30:47 UTC 2011,false,4,Sat Jul 09 06:30:47 UTC 2011,73
340,Sat Jul 09 06:30:47 UTC 2011,false,5,Sat Jul 09 06:30:47 UTC 2011,73
341,Sat Jul 09 06:31:32 UTC 2011,false,1,Sat Jul 09 06:31:32 UTC 2011,74
342,Sat Jul 09 06:31:32 UTC 2011,false,2,Sat Jul 09 06:31:32 UTC 2011,74
343,Sat Jul 09 06:31:32 UTC 2011,true,3,Sat Jul 09 06:31:32 UTC 2011,74
344,Sat Jul 09 06:31:32 UTC 2011,false,4,Sat Jul 09 06:31:32 UTC 2011,74
345,Sat Jul 09 06:31:32 UTC 2011,false,5,Sat Jul 09 06:31:32 UTC 2011,74
346,Sat Jul 09 06:32:18 UTC 2011,false,1,Sat Jul 09 06:32:18 UTC 2011,75
347,Sat Jul 09 06:32:18 UTC 2011,false,2,Sat Jul 09 06:32:18 UTC 2011,75
348,Sat Jul 09 06:32:18 UTC 2011,true,3,Sat Jul 09 06:32:18 UTC 2011,75
349,Sat Jul 09 06:32:18 UTC 2011,false,4,Sat Jul 09 06:32:18 UTC 2011,75
350,Sat Jul 09 06:32:18 UTC 2011,false,5,Sat Jul 09 06:32:18 UTC 2011,75
351,Sat Jul 09 06:46:14 UTC 2011,false,1,Sat Jul 09 06:46:14 UTC 2011,76
352,Sat Jul 09 06:46:14 UTC 2011,false,2,Sat Jul 09 06:46:14 UTC 2011,76
353,Sat Jul 09 06:46:14 UTC 2011,false,3,Sat Jul 09 06:46:14 UTC 2011,76
354,Sat Jul 09 06:46:14 UTC 2011,false,4,Sat Jul 09 06:46:14 UTC 2011,76
355,Sat Jul 09 06:46:14 UTC 2011,true,5,Sat Jul 09 06:46:14 UTC 2011,76
356,Sun Jul 10 00:08:58 UTC 2011,false,1,Sun Jul 10 00:08:58 UTC 2011,82
357,Sun Jul 10 00:08:58 UTC 2011,true,2,Sun Jul 10 00:08:58 UTC 2011,82
358,Sun Jul 10 00:08:58 UTC 2011,false,3,Sun Jul 10 00:08:58 UTC 2011,82
359,Sun Jul 10 00:08:58 UTC 2011,false,4,Sun Jul 10 00:08:58 UTC 2011,82
360,Sun Jul 10 00:08:58 UTC 2011,false,5,Sun Jul 10 00:08:58 UTC 2011,82
361,Sun Jul 10 00:08:58 UTC 2011,false,6,Sun Jul 10 00:08:58 UTC 2011,82
362,Sun Jul 17 07:04:37 UTC 2011,false,1,Sun Jul 17 07:04:37 UTC 2011,83
363,Sun Jul 17 07:04:37 UTC 2011,false,2,Sun Jul 17 07:04:37 UTC 2011,83
364,Sun Jul 17 07:04:37 UTC 2011,false,3,Sun Jul 17 07:04:37 UTC 2011,83
365,Sun Jul 17 07:04:37 UTC 2011,false,4,Sun Jul 17 07:04:37 UTC 2011,83
366,Sun Jul 17 07:04:37 UTC 2011,false,5,Sun Jul 17 07:04:37 UTC 2011,83
367,Sun Jul 17 07:04:37 UTC 2011,true,6,Sun Jul 17 07:04:37 UTC 2011,83
368,Mon Jul 25 07:57:07 UTC 2011,false,1,Mon Jul 25 07:57:07 UTC 2011,84
369,Mon Jul 25 07:57:07 UTC 2011,false,2,Mon Jul 25 07:57:07 UTC 2011,84
370,Mon Jul 25 07:57:07 UTC 2011,false,3,Mon Jul 25 07:57:07 UTC 2011,84
371,Mon Jul 25 07:57:07 UTC 2011,false,4,Mon Jul 25 07:57:07 UTC 2011,84
372,Mon Jul 25 07:57:07 UTC 2011,false,5,Mon Jul 25 07:57:07 UTC 2011,84
373,Mon Jul 25 07:57:07 UTC 2011,false,6,Mon Jul 25 07:57:07 UTC 2011,84
374,Mon Jul 25 07:57:07 UTC 2011,true,7,Mon Jul 25 07:57:07 UTC 2011,84
375,Wed Jul 27 01:51:45 UTC 2011,false,6,Wed Jul 27 01:51:45 UTC 2011,73
376,Wed Jul 27 01:51:45 UTC 2011,false,7,Wed Jul 27 01:51:45 UTC 2011,73
377,Wed Jul 27 01:51:45 UTC 2011,false,8,Wed Jul 27 01:51:45 UTC 2011,73
378,Wed Jul 27 06:50:09 UTC 2011,false,8,Wed Jul 27 06:50:09 UTC 2011,84
379,Thu Jul 28 04:34:42 UTC 2011,false,6,Thu Jul 28 04:34:42 UTC 2011,63
380,Thu Jul 28 04:34:42 UTC 2011,false,7,Thu Jul 28 04:34:42 UTC 2011,63
381,Thu Jul 28 04:34:42 UTC 2011,false,8,Thu Jul 28 04:34:42 UTC 2011,63
500,Wed Aug 03 02:28:35 UTC 2011,false,6,Wed Aug 03 02:28:35 UTC 2011,31
501,Wed Aug 03 02:28:35 UTC 2011,false,7,Wed Aug 03 02:28:35 UTC 2011,31
502,Wed Aug 03 02:28:35 UTC 2011,false,8,Wed Aug 03 02:28:35 UTC 2011,31
503,Tue Aug 09 07:01:52 UTC 2011,false,1,Tue Aug 09 07:01:52 UTC 2011,87
504,Tue Aug 09 07:01:52 UTC 2011,false,2,Tue Aug 09 07:30:44 UTC 2011,87
505,Tue Aug 09 07:01:52 UTC 2011,false,3,Tue Aug 09 07:01:52 UTC 2011,87
506,Tue Aug 09 07:01:52 UTC 2011,false,4,Tue Aug 09 07:01:52 UTC 2011,87
507,Tue Aug 09 07:01:52 UTC 2011,false,5,Tue Aug 09 07:01:52 UTC 2011,87
508,Tue Aug 09 07:01:52 UTC 2011,false,6,Tue Aug 09 07:01:52 UTC 2011,87
509,Tue Aug 09 07:01:52 UTC 2011,false,7,Tue Aug 09 07:01:52 UTC 2011,87
510,Tue Aug 09 07:01:52 UTC 2011,false,8,Tue Aug 09 07:01:52 UTC 2011,87
511,Tue Aug 09 07:03:05 UTC 2011,false,1,Tue Aug 09 07:03:05 UTC 2011,88
512,Tue Aug 09 07:03:05 UTC 2011,false,2,Tue Aug 09 07:03:05 UTC 2011,88
513,Tue Aug 09 07:03:05 UTC 2011,false,3,Tue Aug 09 07:31:08 UTC 2011,88
514,Tue Aug 09 07:03:05 UTC 2011,false,4,Tue Aug 09 07:03:05 UTC 2011,88
515,Tue Aug 09 07:03:05 UTC 2011,false,5,Tue Aug 09 07:03:05 UTC 2011,88
516,Tue Aug 09 07:03:05 UTC 2011,false,6,Tue Aug 09 07:03:05 UTC 2011,88
517,Tue Aug 09 07:03:05 UTC 2011,false,7,Tue Aug 09 07:03:05 UTC 2011,88
518,Tue Aug 09 07:03:05 UTC 2011,false,8,Tue Aug 09 07:03:05 UTC 2011,88
519,Tue Aug 09 07:30:44 UTC 2011,true,11,Tue Aug 09 07:30:44 UTC 2011,87
520,Tue Aug 09 07:30:44 UTC 2011,false,12,Tue Aug 09 07:30:44 UTC 2011,87
521,Tue Aug 09 07:31:08 UTC 2011,false,11,Tue Aug 09 07:31:08 UTC 2011,88
522,Tue Aug 09 07:31:08 UTC 2011,true,12,Tue Aug 09 07:31:08 UTC 2011,88
523,Wed Aug 10 07:49:26 UTC 2011,false,1,Wed Aug 10 07:49:26 UTC 2011,89
524,Wed Aug 10 07:49:26 UTC 2011,false,2,Wed Aug 10 07:49:26 UTC 2011,89
525,Wed Aug 10 07:49:26 UTC 2011,false,3,Wed Aug 10 07:49:26 UTC 2011,89
526,Wed Aug 10 07:49:26 UTC 2011,false,4,Wed Aug 10 07:49:26 UTC 2011,89
527,Wed Aug 10 07:49:26 UTC 2011,false,5,Wed Aug 10 07:49:26 UTC 2011,89
528,Wed Aug 10 07:49:26 UTC 2011,false,6,Wed Aug 10 07:49:26 UTC 2011,89
529,Wed Aug 10 07:49:26 UTC 2011,false,7,Wed Aug 10 07:49:26 UTC 2011,89
530,Wed Aug 10 07:49:26 UTC 2011,false,8,Wed Aug 10 07:49:26 UTC 2011,89
531,Wed Aug 10 07:49:26 UTC 2011,false,11,Wed Aug 10 07:49:26 UTC 2011,89
532,Wed Aug 10 07:49:26 UTC 2011,false,12,Wed Aug 10 07:49:26 UTC 2011,89
533,Wed Aug 10 07:49:26 UTC 2011,false,13,Wed Aug 10 07:49:26 UTC 2011,89
534,Wed Aug 10 07:49:26 UTC 2011,false,14,Wed Aug 10 07:49:26 UTC 2011,89
535,Wed Aug 10 07:49:26 UTC 2011,false,15,Wed Aug 10 07:49:26 UTC 2011,89
536,Wed Aug 10 07:49:26 UTC 2011,false,16,Wed Aug 10 07:49:26 UTC 2011,89
537,Wed Aug 10 07:49:26 UTC 2011,false,17,Wed Aug 10 07:49:26 UTC 2011,89
538,Wed Aug 10 07:49:26 UTC 2011,true,18,Wed Aug 10 07:49:26 UTC 2011,89
539,Wed Aug 10 07:49:26 UTC 2011,false,19,Wed Aug 10 07:49:26 UTC 2011,89
540,Wed Aug 10 07:49:26 UTC 2011,false,20,Wed Aug 10 07:49:26 UTC 2011,89
541,Wed Aug 10 08:26:41 UTC 2011,false,1,Wed Aug 10 08:26:41 UTC 2011,90
542,Wed Aug 10 08:26:41 UTC 2011,false,2,Wed Aug 10 08:26:41 UTC 2011,90
543,Wed Aug 10 08:26:41 UTC 2011,false,3,Wed Aug 10 08:26:41 UTC 2011,90
544,Wed Aug 10 08:26:41 UTC 2011,true,4,Wed Aug 10 08:26:41 UTC 2011,90
545,Wed Aug 10 08:26:41 UTC 2011,false,5,Wed Aug 10 08:26:41 UTC 2011,90
546,Wed Aug 10 08:26:41 UTC 2011,false,6,Wed Aug 10 08:26:41 UTC 2011,90
547,Wed Aug 10 08:26:41 UTC 2011,false,7,Wed Aug 10 08:26:41 UTC 2011,90
548,Wed Aug 10 08:26:41 UTC 2011,false,8,Wed Aug 10 08:26:41 UTC 2011,90
549,Wed Aug 10 08:26:41 UTC 2011,false,11,Wed Aug 10 08:26:41 UTC 2011,90
550,Wed Aug 10 08:26:41 UTC 2011,false,12,Wed Aug 10 08:26:41 UTC 2011,90
551,Wed Aug 10 08:26:41 UTC 2011,false,13,Wed Aug 10 08:26:41 UTC 2011,90
552,Wed Aug 10 08:26:41 UTC 2011,false,14,Wed Aug 10 08:26:41 UTC 2011,90
553,Wed Aug 10 08:26:41 UTC 2011,false,15,Wed Aug 10 08:26:41 UTC 2011,90
554,Wed Aug 10 08:26:41 UTC 2011,false,16,Wed Aug 10 08:26:41 UTC 2011,90
555,Wed Aug 10 08:26:42 UTC 2011,false,17,Wed Aug 10 08:26:42 UTC 2011,90
556,Wed Aug 10 08:26:42 UTC 2011,false,18,Wed Aug 10 08:26:42 UTC 2011,90
557,Wed Aug 10 08:26:42 UTC 2011,false,19,Wed Aug 10 08:26:42 UTC 2011,90
558,Wed Aug 10 08:26:42 UTC 2011,false,20,Wed Aug 10 08:26:42 UTC 2011,90
